Barcode,gtin14,barcode_format,Name,Brand,ingredients,Nutrition facts,Image url,Source,health_profile,category,net_quantity,provenance,source_url,images_available
021130338405,00021130338405,UPC-A,Diced Tomatoes with Green Chiles,Signature SELECT,"[""Diced Tomatoes"", ""Tomato Juice"", ""Jalapeno Chili Peppers"", ""Salt"", ""Citric Acid"", ""Spices"", ""Calcium Chloride"", ""Natural Flavors""]","{""serving_size"": ""1/2 cup (121g)"", ""servings_per_container"": ""About 3.5"", ""calories"": ""25"", ""total_fat"": ""0g"", ""saturated_fat"": ""0g"", ""trans_fat"": ""0g"", ""cholesterol"": ""0mg"", ""sodium"": ""360mg"", ""total_carbohydrate"": ""5g"", ""dietary_fiber"": ""0g"", ""total_sugars"": ""3g"", ""added_sugars"": ""0g"", ""protein"": ""1g"", ""vitamin_d"": ""0mcg"", ""calcium"": ""0mg"", ""iron"": ""0mg"", ""potassium"": ""104mg""}",withheld_for_review,US-retailer-1,better-for-you,tomatoes,~424 g,own-photography,,yes
747479000604,00747479000604,UPC-A,Sensitive Marinara,Rao's Homemade,"[""Italian Whole Peeled Tomatoes"", ""Olive Oil"", ""Carrots"", ""Salt"", ""Celery"", ""Basil""]","{""servings_per_container"": ""about 5"", ""serving_size"": ""1/2 cup (125g)"", ""calories"": ""130"", ""total_fat"": ""11g"", ""saturated_fat"": ""1.5g"", ""trans_fat"": ""0g"", ""cholesterol"": ""0mg"", ""sodium"": ""330mg"", ""total_carbohydrate"": ""6g"", ""dietary_fiber"": ""1g"", ""total_sugars"": ""4g"", ""added_sugars"": ""0g"", ""protein"": ""2g"", ""vitamin_d"": ""0mcg"", ""calcium"": ""10mg"", ""iron"": ""0.2mg"", ""potassium"": ""360mg""}",withheld_for_review,US-retailer-1,better-for-you,Groceries,24 oz,own-photography,,yes
192699000864,00192699000864,UPC-A,Rosé Buldak Spicy Ramen Artificial Spicy Chicken Flavor,Samyang,"[""Wheat Flour"", ""Modified Tapioca Starch"", ""Palm Oil"", ""Wheat Gluten"", ""Salt"", ""Glycerin"", ""Soybean Oil"", ""Guar Gum"", ""Potassium Carbonate"", ""Lecithin"", ""Polyglycerol Esters of Fatty Acids"", ""Sodium Carbonate"", ""Disodium Phosphate"", ""Tocopherols"", ""Green Tea Extract"", ""Riboflavin (color)"", ""Citric Acid"", ""Water"", ""Sugar"", ""Dextrin"", ""Yeast Extract Powder"", ""Skim Milk Powder"", ""Corn Syrup"", ""Onion"", ""Starch(modified, wheat, corn)"", ""Red Pepper Powder"", ""Maltodextrin"", ""Milk Powder"", ""Garlic"", ""Lactose"", ""Artificial Chicken Flavor"", ""Whey"", ""Milk Cream"", ""Enzyme Modified Cheddar Cheese(Cheese[cultured milk, salt, enzyme], Trisodium citrate, Sodium phosphate)"", ""Soy Sauce(Water, Soybean, Salt, Wheat)"", ""Acid Hydrolyzed Soy"", ""Soy Protein"", ""Disodium Inosinate"", ""Disodium Guanylate"", ""Oleoresin(capsicum, habanero pepper, black pepper)"", ""Color(paprika, annatto)"", ""Mozzarella Cheese(Milk, Cheese culture, Salt, Enzyme)"", ""Monosodium Glutamate"", ""Corn Oil"", ""Rice Powder"", ""Whole Milk Powder"", ""Phosphates(potassium, sodium, calcium)"", ""Sodium Caseinate"", ""Spices"", ""Silicon Dioxide"", ""Mono&Diglycerides"", ""Palm&Coconut Oil"", ""Lactic Acid Bacteria Powder"", ""Lactic Acid"", ""Dipotassium Phosphate"", ""Parsley"", ""Garlic Powder"", ""Tricalcium Phosphate"", ""Caramelized Sugar"", ""Sesame Oil"", ""Garlic Oil""]","{""servings_per_container"": ""5"", ""serving_size"": ""1 bag (140g)"", ""calories"": ""580"", ""total_fat"": ""20g"", ""saturated_fat"": ""8g"", ""trans_fat"": ""0g"", ""cholesterol"": ""15mg"", ""sodium"": ""1140mg"", ""total_carbohydrate"": ""87g"", ""dietary_fiber"": ""3g"", ""total_sugars"": ""12g"", ""added_sugars"": ""11g"", ""protein"": ""14g"", ""vitamin_d"": ""0mcg"", ""calcium"": ""90mg"", ""iron"": ""1.9mg"", ""potassium"": ""350mg""}",withheld_for_review,US-retailer-1,unhealthy,instant-noodles,~700 g,own-photography,,yes
031146262571,00031146262571,UPC-A,Bowl Noodles Spicy Chicken Flavor,Nongshim,"[""ENRICHED WHEAT FLOUR (WHEAT FLOUR, NIACIN, REDUCED IRON, THIAMINE MONONITRATE, RIBOFLAVIN, FOLIC ACID)"", ""PALM OIL"", ""POTATO STARCH"", ""MODIFIED POTATO STARCH"", ""SALT"", ""CONTAINS LESS THAN 2% OF: ARTIFICIAL FLAVORS"", ""BEEF BONE EXTRACT\u2020"", ""BEEF EXTRACT\u2020"", ""BEEF FAT\u2020"", ""BLACK PEPPER\u2020"", ""CHICKEN BONE EXTRACT\u2020"", ""CHICKEN BROTH\u2020"", ""CHICKEN FAT\u2020"", ""CORN SYRUP"", ""DEHYDRATED VEGETABLES (CHILI PEPPER, GREEN ONION, GARLIC, MUSHROOM)\u2020"", ""DEXTROSE"", ""DISODIUM GUANYLATE"", ""DISODIUM INOSINATE"", ""DISODIUM SUCCINATE"", ""DRIED CARROT"", ""FREEZE DRIED CORN"", ""GARLIC\u2020"", ""GUM ARABIC"", ""HYDROLYZED SOY PROTEIN"", ""MALIC ACID"", ""MALTODEXTRIN"", ""MODIFIED CORN STARCH"", ""MODIFIED TAPIOCA STARCH"", ""MUSHROOM EXTRACT\u2020"", ""NATURAL FLAVORS (COCONUT)"", ""ONION\u2020"", ""PARSLEY FLAKES"", ""POTASSIUM CARBONATE"", ""RADISH EXTRACT\u2020"", ""RED CHILI PEPPER\u2020"", ""RIBOFLAVIN (COLOR)"", ""RICE FLOUR"", ""SODIUM CARBONATE"", ""SODIUM PHOSPHATES"", ""SOY LECITHIN"", ""SOYBEAN PASTE (WHEAT, SALT, SOY)"", ""SUGAR"", ""TEXTURED SOY PROTEIN (DEFATTED SOY FLOUR, HYDROLYZED SOY PROTEIN, DEXTROSE, MALTODEXTRIN, WHEAT GLUTEN, VINEGAR, CITRIC ACID)"", ""TOCOPHEROLS (ANTIOXIDANT)"", ""TURMERIC\u2020 (COLOR)"", ""VEGETABLE MIXTURE\u2020 (CORN SYRUP, ONION, CABBAGE, SPINACH, PUMPKIN, CARROT, TOMATO PASTE)"", ""YEAST EXTRACT"", ""YELLOW CORN FLOUR""]","{""serving_size"": ""1 bowl (86g)"", ""calories"": ""370"", ""total_fat"": ""12g"", ""saturated_fat"": ""6g"", ""trans_fat"": ""0g"", ""cholesterol"": ""0mg"", ""sodium"": ""1500mg"", ""total_carbohydrate"": ""58g"", ""dietary_fiber"": ""4g"", ""total_sugars"": ""3g"", ""includes_added_sugars"": ""less than 1g"", ""protein"": ""8g"", ""vitamin_d"": ""0mcg"", ""calcium"": ""20mg"", ""iron"": ""3.4mg"", ""potassium"": ""260mg""}",withheld_for_review,US-retailer-1,unhealthy,dehydrated-asian-style-soup-with-noodles,86 g,own-photography,,yes
073141152426,00073141152426,UPC-A,Pocky Crunchy Strawberry Cream Covered Biscuit Sticks,Glico,"[""FLOUR (WHEAT FLOUR, FERROUS FUMARATE, NIACINAMIDE, THIAMIN MONONITRATE, RIBOFLAVIN, FOLIC ACID)"", ""SUGAR"", ""PALM OIL"", ""LACTOSE"", ""WHOLE MILK POWDER"", ""VEGETABLE SHORTENING (PALM OIL, FULLY HYDROGENATED PALM OIL)"", ""STRAWBERRY POWDER (STRAWBERRY PUREE GRANULATE, MALTODEXTRIN, GLUCOSE SYRUP, BROWN SUGAR)"", ""INULIN"", ""CACAO BUTTER EQUIVALENT (PALM OIL, SUNFLOWER OIL, LECITHIN, TOCOPHEROL CONCENTRATE (PRESERVATIVE))"", ""COCOA POWDER"", ""STRAWBERRY FLAKES (STRAWBERRY PUREE GRANULATE, GLUCOSE SYRUP, MALTODEXTRIN, BROWN SUGAR)"", ""WHOLE WHEAT FLOUR"", ""ARTIFICIAL FLAVOR"", ""BEET RED (COLOR)"", ""SOY LECITHIN"", ""SALT"", ""SODIUM BICARBONATE"", ""BAKER'S YEAST"", ""WHEAT GLUTEN"", ""PGPR"", ""MALIC ACID"", ""SUCROSE FATTY ACID ESTERS""]","{""serving_size"": ""1 pack (26g)"", ""servings_per_container"": ""2"", ""calories"": ""130"", ""total_fat"": ""6g"", ""saturated_fat"": ""3.5g"", ""trans_fat"": ""0g"", ""cholesterol"": ""0mg"", ""sodium"": ""40mg"", ""total_carbohydrate"": ""18g"", ""dietary_fiber"": ""1g"", ""total_sugars"": ""10g"", ""added_sugars"": ""8g"", ""protein"": ""2g"", ""vitamin_d"": ""0mcg"", ""calcium"": ""0mg"", ""iron"": ""0.2mg"", ""potassium"": ""40mg""}",withheld_for_review,US-retailer-1,better-for-you,biscuits,~52 g,own-photography,,yes
048564002030,00048564002030,UPC-A,Sonora Style Soft Taco Flour Tortillas,Guerrero,"[""Enriched bleached flour (wheat flour, niacin, reduced iron, thiamine mononitrate, riboflavin, folic acid)"", ""Water"", ""Vegetable shortening and margarine blend (interesterified soybean oil, hydrogenated soybean and/or cottonseed oils, mono- and diglycerides, soy lecithin, artificial flavor, beta-carotene [color], vitamin a palmitate)"", ""Salt"", ""Sugar"", ""Cellulose gum"", ""Sodium acid pyrophosphate"", ""Enzymes"", ""Baking soda"", ""Fumaric acid"", ""Calcium propionate (to maintain freshness)"", ""Sorbic acid (to maintain freshness)""]","{""serving_size"": ""1 tortilla (41g)"", ""servings_per_container"": ""20"", ""calories"": ""140"", ""total_fat"": ""6g"", ""saturated_fat"": ""2g"", ""trans_fat"": ""0g"", ""cholesterol"": ""0mg"", ""sodium"": ""310mg"", ""total_carbohydrate"": ""17g"", ""dietary_fiber"": ""2g"", ""total_sugars"": ""1g"", ""added_sugars"": ""1g"", ""protein"": ""3g"", ""vitamin_d"": ""0mcg"", ""calcium"": ""45mg"", ""iron"": ""1.4mg"", ""potassium"": ""39mg""}",withheld_for_review,US-retailer-1,better-for-you,wheat-breads,29.17 oz,own-photography,,yes
041501519455,00041501519455,UPC-A,Yellow Corn Taco Shells,Ortega,"[""Enriched Corn Masa Flour (Yellow Corn Flour, Folic Acid, Hydrated Lime)"", ""High Oleic Canola Oil And/Or Corn Oil"", ""Water"", ""Salt""]","{""servings_per_container"": ""4"", ""serving_size"": ""3 shells (35g)"", ""calories"": ""170"", ""total_fat"": ""9g"", ""saturated_fat"": ""1g"", ""trans_fat"": ""0g"", ""cholesterol"": ""0mg"", ""sodium"": ""200mg"", ""total_carbohydrate"": ""21g"", ""dietary_fiber"": ""2g"", ""total_sugars"": ""0g"", ""added_sugars"": ""0g"", ""protein"": ""2g"", ""vitamin_d"": ""0mcg"", ""calcium"": ""20mg"", ""iron"": ""0.8mg"", ""potassium"": ""70mg""}",withheld_for_review,US-retailer-1,healthy,Taco shells,4.9 oz,own-photography,,yes
046000811512,00046000811512,UPC-A,18 Taco Shells Crunchy,Old El Paso,"[""Limed Corn Flour"", ""Palm Oil"", ""Salt""]","{""serving_size"": ""3 Shells (32g)"", ""servings_per_container"": ""6"", ""calories"": ""150"", ""total_fat"": ""7g"", ""saturated_fat"": ""3g"", ""trans_fat"": ""0g"", ""cholesterol"": ""0mg"", ""sodium"": ""260mg"", ""total_carbohydrate"": ""20g"", ""dietary_fiber"": ""2g"", ""total_sugars"": ""0g"", ""added_sugars"": ""0g"", ""protein"": ""2g"", ""vitamin_d"": ""0mcg"", ""calcium"": ""0mg"", ""iron"": ""0mg"", ""potassium"": ""0mg""}",withheld_for_review,US-retailer-1,healthy,biscuits,6.89oz,own-photography,,yes
021130322312,00021130322312,UPC-A,Sliced Carrots,Signature SELECT,"[""CARROTS"", ""WATER"", ""SALT"", ""CALCIUM CHLORIDE (FIRMING AGENT)""]","{""serving_size"": ""1/2 cup (120g)"", ""servings_per_container"": ""about 3.5"", ""calories"": ""15"", ""total_fat"": ""0g"", ""saturated_fat"": ""0g"", ""trans_fat"": ""0g"", ""cholesterol"": ""0mg"", ""sodium"": ""250mg"", ""total_carbohydrate"": ""4g"", ""dietary_fiber"": ""1g"", ""total_sugars"": ""2g"", ""added_sugars"": ""0g"", ""protein"": ""0g"", ""vitamin_d"": ""0mcg"", ""calcium"": ""30mg"", ""iron"": ""0.4mg"", ""potassium"": ""130mg""}",withheld_for_review,US-retailer-1,healthy,canned-vegetables,120 g,own-photography,,yes
025000136788,00025000136788,UPC-A,Simply Orange Pulp Free 100% Orange Juice,Simply,"[""100% Pure Squeezed Pasteurized Orange Juice""]","{""servings_per_container"": ""About 6"", ""serving_size"": ""8 fl oz (240 mL)"", ""calories"": ""110"", ""total_fat"": ""0g"", ""sodium"": ""0mg"", ""total_carbohydrate"": ""26g"", ""total_sugars"": ""23g"", ""added_sugars"": ""0g"", ""protein"": ""2g"", ""calcium"": ""20mg"", ""potassium"": ""450mg"", ""vitamin_c"": ""80%"", ""thiamin"": ""8%"", ""niacin"": ""2%"", ""vitamin_b6"": ""4%"", ""folate"": ""10%"", ""magnesium"": ""6%""}",withheld_for_review,US-retailer-1,healthy,orange-juices-without-pulp,46 oz,own-photography,,yes
021130070114,00021130070114,UPC-A,2% Reduced Fat Milk,Lucerne Dairy Farms,"[""REDUCED FAT MILK"", ""FAT FREE MILK"", ""VITAMIN A PALMITATE"", ""VITAMIN D3""]","{""serving_size"": ""1 cup (240mL)"", ""servings_per_container"": ""About 8"", ""calories"": ""140"", ""total_fat"": ""5g"", ""saturated_fat"": ""3g"", ""trans_fat"": ""0g"", ""cholesterol"": ""25mg"", ""sodium"": ""150mg"", ""total_carbohydrate"": ""15g"", ""dietary_fiber"": ""0g"", ""total_sugars"": ""14g"", ""added_sugars"": ""0g"", ""protein"": ""10g"", ""vitamin_d"": ""2.6mcg"", ""calcium"": ""300mg"", ""iron"": ""0mg"", ""potassium"": ""450mg"", ""vitamin_a"": ""170mcg""}",withheld_for_review,US-retailer-1,healthy,milks,64 fl oz,own-photography,,yes
070852994055,00070852994055,UPC-A,Whole Milk Ultra-Pasteurized Vitamin D,Clover Sonoma,"[""Milk"", ""Vitamin D3""]","{""serving_size"": ""1 cup (240 mL)"", ""servings_per_container"": ""8"", ""calories"": ""160"", ""total_fat"": ""9g"", ""saturated_fat"": ""5g"", ""trans_fat"": ""0g"", ""cholesterol"": ""35mg"", ""sodium"": ""125mg"", ""total_carbohydrate"": ""12g"", ""dietary_fiber"": ""0g"", ""total_sugars"": ""12g"", ""added_sugars"": ""0g"", ""protein"": ""8g"", ""vitamin_d"": ""2.5mcg"", ""calcium"": ""300mg"", ""iron"": ""0mg"", ""potassium"": ""410mg""}",withheld_for_review,US-retailer-1,better-for-you,milks,~1920 mL,own-photography,,yes
742365264757,00742365264757,UPC-A,Organic 2% Reduced Fat Milk,Horizon Organic,"[""GRADE A REDUCED FAT ORGANIC MILK"", ""GRADE A NONFAT ORGANIC MILK"", ""VITAMIN A PALMITATE"", ""VITAMIN D3""]","{""serving_size"": ""1 cup (240mL)"", ""servings_per_container"": ""About 8"", ""calories"": ""140"", ""total_fat"": ""5g"", ""saturated_fat"": ""3g"", ""trans_fat"": ""0g"", ""polyunsaturated_fat"": ""0g"", ""monounsaturated_fat"": ""1.5g"", ""cholesterol"": ""25mg"", ""sodium"": ""150mg"", ""total_carbohydrate"": ""15g"", ""dietary_fiber"": ""0g"", ""total_sugars"": ""14g"", ""added_sugars"": ""0g"", ""protein"": ""9g"", ""vitamin_d"": ""2.5mcg"", ""calcium"": ""340mg"", ""iron"": ""0mg"", ""potassium"": ""440mg"", ""vitamin_a"": ""150mcg"", ""riboflavin"": ""0.4mg"", ""vitamin_b12"": ""1.2mcg"", ""phosphorus"": ""240mg""}",withheld_for_review,US-retailer-1,healthy,milks,~1920 mL,own-photography,,yes
025293000995,00025293000995,UPC-A,Vanilla Almondmilk,Silk,"[""Almondmilk (Water, Almonds)"", ""Cane Sugar"", ""Vitamin and Mineral Blend (Calcium Carbonate, Vitamin E Acetate, Vitamin A Palmitate, Vitamin D2, Vitamin B12)"", ""Sea Salt"", ""Gellan Gum"", ""Dipotassium Phosphate"", ""Ascorbic Acid (Vitamin C To Protect Freshness)"", ""Natural Flavor""]","{""serving_size"": ""1 cup (240mL)"", ""servings_per_container"": ""About 8"", ""calories"": ""80"", ""total_fat"": ""2g"", ""saturated_fat"": ""0g"", ""trans_fat"": ""0g"", ""polyunsaturated_fat"": ""0.5g"", ""monounsaturated_fat"": ""1.5g"", ""cholesterol"": ""0mg"", ""sodium"": ""130mg"", ""total_carbohydrate"": ""14g"", ""dietary_fiber"": ""0g"", ""total_sugars"": ""13g"", ""added_sugars"": ""13g"", ""protein"": ""1g"", ""vitamin_d"": ""4mcg"", ""calcium"": ""470mg"", ""iron"": ""0.4mg"", ""potassium"": ""0mg"", ""vitamin_a"": ""150mcg"", ""vitamin_e"": ""4mg"", ""vitamin_b12"": ""1.1mcg"", ""magnesium"": ""10mg""}",withheld_for_review,US-retailer-1,better-for-you,almond-based-drinks,1 l,own-photography,,yes
025293002289,00025293002289,UPC-A,Unsweet Coconutmilk,Silk,"[""Coconutmilk (Water, Coconut Cream)"", ""Vitamin and Mineral Blend (Calcium Carbonate, Vitamin E Acetate, Vitamin A Palmitate, Vitamin D2, Vitamin B12)"", ""Dipotassium Phosphate"", ""Sea Salt"", ""Gellan Gum"", ""Natural Flavor"", ""Ascorbic Acid (Vitamin C To Protect Freshness)""]","{""servings_per_container"": ""About 8"", ""serving_size"": ""1 cup (240mL)"", ""calories"": ""40"", ""total_fat"": ""4g"", ""saturated_fat"": ""3.5g"", ""trans_fat"": ""0g"", ""cholesterol"": ""0mg"", ""sodium"": ""50mg"", ""total_carbohydrate"": ""2g"", ""dietary_fiber"": ""0g"", ""total_sugars"": ""0g"", ""added_sugars"": ""0g"", ""protein"": ""0g"", ""vitamin_d"": ""4mcg"", ""calcium"": ""470mg"", ""iron"": ""0.5mg"", ""potassium"": ""310mg"", ""vitamin_a"": ""150mcg"", ""vitamin_e"": ""4mg"", ""vitamin_b12"": ""1.1mcg"", ""magnesium"": ""20mg""}",withheld_for_review,US-retailer-1,better-for-you,coconut-based-drinks,~1920 mL,own-photography,,yes
079893166773,00079893166773,UPC-A,Oatmilk Unsweetened Original,Open Nature,"[""Oat Beverage (Filtered Water, Oats)"", ""Potassium Phosphate"", ""Calcium Carbonate"", ""Tricalcium Phosphate"", ""Sea Salt"", ""Gellan Gum"", ""Vitamin A Palmitate"", ""Ergocalciferol (Vitamin D2)"", ""Riboflavin"", ""Vitamin B12""]","{""serving_size"": ""1 cup (240mL)"", ""servings_per_container"": ""About 7"", ""calories"": ""45"", ""total_fat"": ""0.5g"", ""saturated_fat"": ""0g"", ""trans_fat"": ""0g"", ""cholesterol"": ""0mg"", ""sodium"": ""100mg"", ""total_carbohydrate"": ""9g"", ""dietary_fiber"": ""1g"", ""total_sugars"": ""0g"", ""added_sugars"": ""0g"", ""protein"": ""1g"", ""vitamin_d"": ""3.6mcg"", ""calcium"": ""350mg"", ""iron"": ""0.35mg"", ""potassium"": ""340mg"", ""vitamin_a"": ""160mcg"", ""riboflavin"": ""0.13mg"", ""vitamin_b12"": ""1.2mcg""}",withheld_for_review,US-retailer-1,better-for-you,plant-based-beverages,~1680 mL,own-photography,,yes
050000322909,00050000322909,UPC-A,Coffee mate Hazelnut Liquid Coffee Creamer,Nestlé Coffee mate,"[""WATER"", ""SUGAR"", ""SOYBEAN OIL"", ""MICELLAR CASEIN (A MILK DERIVATIVE)"", ""DIPOTASSIUM PHOSPHATE"", ""MONO- AND DIGLYCERIDES"", ""CELLULOSE GEL"", ""CELLULOSE GUM"", ""NATURAL AND ARTIFICIAL FLAVOR"", ""CARRAGEENAN""]","{""serving_size"": ""1 tbsp (15 mL)"", ""servings_per_container"": ""About 63"", ""calories"": ""35"", ""total_fat"": ""1.5g"", ""saturated_fat"": ""0g"", ""trans_fat"": ""0g"", ""polyunsaturated_fat"": ""0g"", ""monounsaturated_fat"": ""1g"", ""cholesterol"": ""0mg"", ""sodium"": ""5mg"", ""total_carbohydrate"": ""5g"", ""total_sugars"": ""5g"", ""added_sugars"": ""5g"", ""protein"": ""0g""}",withheld_for_review,US-retailer-1,better-for-you,creamer,~945 mL,own-photography,,yes
850023192059,00850023192059,UPC-A,Apple Cranberry Granola with Subtle Curry Spices,NutHouse! Granola Co.,"[""ORGANIC GLUTEN-FREE OATS"", ""TREE NUTS (COCONUT, ALMONDS, WALNUTS)"", ""ORGANIC CANE SUGAR"", ""DRIED CRANBERRIES (CRANBERRIES, CANE SUGAR)"", ""APPLE SYRUP"", ""SAFFLOWER OIL"", ""PUMPKIN SEEDS"", ""ORGANIC AGAVE SYRUP"", ""CURRY POWDER"", ""KOSHER SALT"", ""NATURAL FLAVOR"", ""ROSEMARY EXTRACT""]","{""serving_size"": ""1/4 cup (28g)"", ""servings_per_container"": ""About 12"", ""calories"": ""110"", ""total_fat"": ""6g"", ""saturated_fat"": ""1g"", ""trans_fat"": ""0g"", ""cholesterol"": ""0mg"", ""sodium"": ""45mg"", ""total_carbohydrate"": ""14g"", ""dietary_fiber"": ""2g"", ""total_sugars"": ""5g"", ""added_sugars"": ""3g"", ""protein"": ""3g"", ""vitamin_d"": ""0mcg"", ""calcium"": ""16mg"", ""iron"": ""1mg"", ""potassium"": ""49mg""}",withheld_for_review,US-retailer-1,better-for-you,breakfast-cereals,12 oz,own-photography,,yes
850047220813,00850047220813,UPC-A,Protein Nut Granola - Honey Nut,NuTrail,"[""SUNFLOWER SEEDS"", ""PUMPKIN SEEDS"", ""ERYTHRITOL"", ""WHEY PROTEIN CRISPS (WHEY PROTEIN CONCENTRATE, TAPIOCA STARCH)"", ""ALMONDS"", ""PECANS"", ""BUTTER (PASTEURIZED CREAM, NATURAL FLAVOR)"", ""WHEY PROTEIN CONCENTRATE"", ""NATURAL FLAVORS"", ""SALT"", ""MONKFRUIT EXTRACT""]","{""serving_size"": ""2/3 Cup (70g)"", ""servings_per_container"": ""About 3"", ""calories"": ""330"", ""total_fat"": ""25g"", ""saturated_fat"": ""5g"", ""trans_fat"": ""0g"", ""cholesterol"": ""25mg"", ""sodium"": ""60mg"", ""total_carbohydrate"": ""19g"", ""dietary_fiber"": ""3g"", ""total_sugars"": ""1g"", ""added_sugars"": ""0g"", ""sugar_alcohol"": ""11g"", ""protein"": ""17g"", ""vitamin_d"": ""0mcg"", ""calcium"": ""110mg"", ""iron"": ""2.1mg"", ""potassium"": ""200mg""}",withheld_for_review,US-retailer-1,better-for-you,mueslis,8 oz,own-photography,,yes
079893116563,00079893116563,UPC-A,"Quinoa, Chia & Flaxseed Granola",O Organics,"[""ORGANIC WHOLE ROLLED OATS"", ""ORGANIC CANE SUGAR"", ""ORGANIC EXPELLER PRESSED CANOLA OIL"", ""ORGANIC WHOLE GRAIN BLEND (ORGANIC AMARANTH, ORGANIC BARLEY, ORGANIC QUINOA)"", ""ORGANIC OAT SYRUP SOLIDS"", ""ORGANIC QUINOA FLAKES"", ""ORGANIC CHIA SEEDS"", ""ORGANIC FLAX SEEDS"", ""ORGANIC MOLASSES"", ""ORGANIC NATURAL FLAVOR"", ""SALT"", ""ORGANIC CINNAMON BARK"", ""MIXED TOCOPHEROLS (VITAMIN E TO MAINTAIN FRESHNESS)""]","{""serving_size"": ""1/2 cup (55g)"", ""servings_per_container"": ""About 8"", ""calories"": ""240"", ""total_fat"": ""8g"", ""saturated_fat"": ""1g"", ""trans_fat"": ""0g"", ""cholesterol"": ""0mg"", ""sodium"": ""75mg"", ""total_carbohydrate"": ""38g"", ""dietary_fiber"": ""5g"", ""total_sugars"": ""10g"", ""added_sugars"": ""10g"", ""protein"": ""6g"", ""vitamin_d"": ""0mcg"", ""calcium"": ""40mg"", ""iron"": ""2mg"", ""potassium"": ""180mg""}",withheld_for_review,US-retailer-1,better-for-you,mueslis,~440 g,own-photography,,yes
018627115656,00018627115656,UPC-A,Kashi GO Peanut Butter Crunch Cereal,Kashi,"[""Soy flakes"", ""brown rice syrup"", ""peanut butter (peanuts)"", ""puffed whole grains blend (hard red wheat, triticale grain, brown rice, rye)"", ""cane sugar"", ""whole grain oats"", ""acacia gum"", ""expeller pressed canola oil"", ""oat fiber"", ""molasses"", ""sea salt"", ""peanut oil"", ""rosemary extract for freshness""]","{""servings_per_container"": ""About 8"", ""serving_size"": ""3/4 Cup (56g)"", ""calories"": ""220"", ""total_fat"": ""9g"", ""saturated_fat"": ""1g"", ""trans_fat"": ""0g"", ""polyunsaturated_fat"": ""3g"", ""monounsaturated_fat"": ""4.5g"", ""cholesterol"": ""0mg"", ""sodium"": ""140mg"", ""total_carbohydrate"": ""33g"", ""dietary_fiber"": ""10g"", ""soluble_fiber"": ""5g"", ""insoluble_fiber"": ""5g"", ""total_sugars"": ""10g"", ""added_sugars"": ""9g"", ""protein"": ""10g"", ""vitamin_d"": ""0mcg"", ""calcium"": ""90mg"", ""iron"": ""1.5mg"", ""potassium"": ""450mg"", ""phosphorus"": ""10%"", ""magnesium"": ""15%"", ""zinc"": ""10%""}",withheld_for_review,US-retailer-1,healthy,cereal-bars,1.1 lb,own-photography,,yes
041192102233,00041192102233,UPC-A,Special K Red Berries,Kellogg's,"[""Whole grain wheat"", ""rice"", ""sugar"", ""freeze-dried strawberries"", ""wheat bran"", ""contains 2% or less of brown sugar syrup"", ""salt"", ""malt flavor"", ""Vitamin C (ascorbic acid)"", ""reduced iron"", ""vitamin E acetate"", ""niacinamide"", ""beta-carotene"", ""vitamin B6 (pyridoxine hydrochloride)"", ""vitamin B1 (thiamin hydrochloride)"", ""vitamin B2 (riboflavin)"", ""folic acid"", ""vitamin D3"", ""vitamin B12""]","{""serving_size"": ""1 Cup (39g)"", ""servings_per_container"": ""About 8"", ""calories"": ""140"", ""total_fat"": ""0.5g"", ""saturated_fat"": ""0g"", ""trans_fat"": ""0g"", ""polyunsaturated_fat"": ""0g"", ""monounsaturated_fat"": ""0g"", ""cholesterol"": ""0mg"", ""sodium"": ""250mg"", ""total_carbohydrate"": ""34g"", ""dietary_fiber"": ""3g"", ""total_sugars"": ""11g"", ""added_sugars"": ""10g"", ""protein"": ""3g"", ""vitamin_d"": ""2mcg"", ""calcium"": ""10mg"", ""iron"": ""10.8mg"", ""potassium"": ""80mg""}",withheld_for_review,US-retailer-1,better-for-you,breakfast-cereals,~312 g,own-photography,,yes
602652276958,00602652276958,UPC-A,Protein From Real Food - Dark Chocolate Nut,KIND,"[""Peanuts"", ""almonds"", ""glucose syrup"", ""soy protein isolate"", ""honey"", ""palm kernel oil"", ""cane sugar"", ""chicory root fiber"", ""unsweetened chocolate"", ""alkalized cocoa"", ""soy lecithin"", ""natural flavor"", ""salt"", ""cocoa butter""]","{""servings_per_container"": ""5"", ""serving_size"": ""1 bar (50g)"", ""calories"": ""240"", ""total_fat"": ""17g"", ""saturated_fat"": ""4g"", ""trans_fat"": ""0g"", ""polyunsaturated_fat"": ""2.5g"", ""monounsaturated_fat"": ""10g"", ""cholesterol"": ""0mg"", ""sodium"": ""125mg"", ""total_carbohydrate"": ""18g"", ""dietary_fiber"": ""5g"", ""total_sugars"": ""8g"", ""added_sugars"": ""6g"", ""sugar_alcohol"": ""0g"", ""protein"": ""12g"", ""vitamin_d"": ""0mcg"", ""calcium"": ""42mg"", ""iron"": ""2mg"", ""potassium"": ""231mg""}",withheld_for_review,US-retailer-1,healthy,snacks,~250 g,own-photography,,yes
602652270291,00602652270291,UPC-A,Caramel Almond & Sea Salt Nut Bar,KIND,"[""Almonds"", ""chicory root fiber"", ""honey"", ""glucose syrup"", ""cane sugar"", ""palm kernel oil"", ""rice flour"", ""milk powder"", ""sea salt"", ""carob powder"", ""soy lecithin"", ""natural flavor"", ""annatto extract""]","{""serving_size"": ""1 bar (40g)"", ""servings_per_container"": ""6"", ""calories"": ""170"", ""total_fat"": ""15g"", ""saturated_fat"": ""3g"", ""trans_fat"": ""0g"", ""polyunsaturated_fat"": ""3.5g"", ""monounsaturated_fat"": ""9g"", ""cholesterol"": ""0mg"", ""sodium"": ""125mg"", ""total_carbohydrate"": ""16g"", ""dietary_fiber"": ""7g"", ""total_sugars"": ""5g"", ""added_sugars"": ""4g"", ""sugar_alcohol"": ""0g"", ""protein"": ""6g"", ""vitamin_d"": ""0mcg"", ""calcium"": ""73mg"", ""iron"": ""1mg"", ""potassium"": ""187mg""}",withheld_for_review,US-retailer-1,healthy,caramels,"7,4 oz",own-photography,,yes
016000149458,00016000149458,UPC-A,Crispy Creamy Wafer Peanut Butter Wafer Bars,Nature Valley,"[""Peanut Butter (peanuts, salt)"", ""Sugar"", ""Palm and Palm Kernel Oil"", ""Whole Grain Wheat Flour"", ""Whole Grain Oats"", ""Maltodextrin"", ""Partially Defatted Peanut Flour"", ""Peanut Flour"", ""Peanuts"", ""Salt"", ""Nonfat Milk"", ""Corn Starch"", ""Honey"", ""Soy Lecithin"", ""Baking Soda"", ""Natural Flavor""]","{""servings_per_container"": ""5"", ""serving_size"": ""1 bar (36g)"", ""calories"": ""200"", ""total_fat"": ""12g"", ""saturated_fat"": ""5g"", ""trans_fat"": ""0g"", ""cholesterol"": ""0mg"", ""sodium"": ""160mg"", ""total_carbohydrate"": ""18g"", ""dietary_fiber"": ""2g"", ""total_sugars"": ""8g"", ""added_sugars"": ""7g"", ""protein"": ""4g"", ""vitamin_d"": ""0mcg"", ""calcium"": ""0mg"", ""iron"": ""0.6mg"", ""potassium"": ""130mg""}",withheld_for_review,US-retailer-1,better-for-you,cereal-bars-with-nuts,6.5 oz (184 g),own-photography,,yes
034856822653,00034856822653,UPC-A,Fruit Snacks Variety Pack (Fruit Punch & Berries 'N Cherries),Welch's,"[""Fruit Punch Ingredients: Whole Fruit Puree (Grape, Apple, Orange, Cherry and Pineapple)"", ""Corn Syrup"", ""Sugar"", ""Modified Corn Starch"", ""Gelatin"", ""Citric Acid (Acidulant)"", ""Lactic Acid"", ""Natural and Artificial Flavors"", ""Ascorbic Acid (Vitamin C)"", ""Alpha Tocopherol Acetate (Vitamin E)"", ""Vitamin A Palmitate"", ""Carnauba Wax"", ""Annatto (Color)"", ""Turmeric (Color)"", ""Anthocyanin (Color)"", ""Fruit and Vegetable Juice (Color)"", ""Berries 'N Cherries Ingredients: Whole Fruit Puree (Grape, Peach, Strawberry, Raspberry, Blackberry, Blueberry and Cherry)"", ""Corn Syrup"", ""Sugar"", ""Modified Corn Starch"", ""Gelatin"", ""Citric Acid (Acidulant)"", ""Lactic Acid"", ""Natural and Artificial Flavors"", ""Ascorbic Acid (Vitamin C)"", ""Alpha Tocopherol Acetate (Vitamin E)"", ""Vitamin A Palmitate"", ""Carnauba Wax"", ""Annatto (Color)"", ""Turmeric (Color)"", ""Fruit and Vegetable Juice (Color)""]","{""serving_size"": ""1 pouch (22.7g)"", ""servings_per_container"": ""22"", ""calories"": ""70"", ""total_fat"": ""0g"", ""sodium"": ""0mg"", ""total_carbohydrate"": ""17g"", ""total_sugars"": ""10g"", ""added_sugars"": ""8g"", ""protein"": ""1g"", ""vitamin_a"": ""230mcg"", ""vitamin_c"": ""23mg"", ""vitamin_e"": ""3.8mg""}",withheld_for_review,US-retailer-1,better-for-you,snacks,"1.1 lb, 0.5 kg",own-photography,,yes
884912006813,00884912006813,UPC-A,Honey Bunches of Oats with Almonds,Post,"[""Corn"", ""Whole Grain Wheat"", ""Sugar"", ""Whole Grain Rolled Oats"", ""Almonds"", ""Rice"", ""Canola and/or Soybean Oil"", ""Wheat Flour"", ""Malted Barley Flour"", ""Corn Syrup"", ""Salt"", ""Molasses"", ""Honey"", ""Caramel Color"", ""Barley Malt Extract"", ""Cinnamon"", ""Natural and Artificial Flavor"", ""Annatto Extract (color)"", ""BHT added to preserve freshness"", ""Reduced Iron"", ""Niacinamide (Vitamin B3)"", ""Vitamin A Palmitate"", ""Pyridoxine Hydrochloride (Vitamin B6)"", ""Zinc Oxide"", ""Thiamin Mononitrate (Vitamin B1)"", ""Riboflavin (Vitamin B2)"", ""Folic Acid"", ""Vitamin B12""]","{""servings_per_container"": ""About 16 servings per container"", ""serving_size"": ""1 cup (42g)"", ""calories"": ""170"", ""total_fat"": ""3g"", ""saturated_fat"": ""0g"", ""trans_fat"": ""0g"", ""polyunsaturated_fat"": ""0.5g"", ""monounsaturated_fat"": ""1.5g"", ""cholesterol"": ""0mg"", ""sodium"": ""180mg"", ""total_carbohydrate"": ""33g"", ""dietary_fiber"": ""2g"", ""total_sugars"": ""9g"", ""added_sugars"": ""8g"", ""protein"": ""3g"", ""vitamin_d"": ""2mcg"", ""calcium"": ""10mg"", ""iron"": ""16.2mg"", ""potassium"": ""90mg"", ""vitamin_a"": ""40%"", ""thiamin"": ""40%"", ""riboflavin"": ""35%"", ""niacin"": ""40%"", ""vitamin_b6"": ""40%"", ""folate"": ""400mcg DFE (240mcg folic acid)"", ""vitamin_b12"": ""100%"", ""phosphorus"": ""6%"", ""magnesium"": ""6%"", ""zinc"": ""10%""}",withheld_for_review,US-retailer-1,better-for-you,cereals-and-their-products,~672 g,own-photography,,yes
817946020807,00817946020807,UPC-A,"Fruit Splits - Apple, Pear, Strawberry",BEAR,"[""Apples"", ""Pears"", ""Strawberries"", ""Black carrot juice (color)""]","{""serving_size"": ""1 pack (20g)"", ""servings_per_container"": ""5"", ""calories"": ""50"", ""total_fat"": ""0g"", ""saturated_fat"": ""0g"", ""trans_fat"": ""0g"", ""cholesterol"": ""0mg"", ""sodium"": ""0mg"", ""total_carbohydrate"": ""12g"", ""dietary_fiber"": ""2g"", ""total_sugars"": ""9g"", ""added_sugars"": ""0g"", ""protein"": ""0g"", ""vitamin_d"": ""0mcg"", ""calcium"": ""5mg"", ""iron"": ""0.2mg"", ""potassium"": ""125mg""}",withheld_for_review,US-retailer-1,healthy,fruit-snacks,~100 g,own-photography,,yes
038000222559,00038000222559,UPC-A,Frosted Blueberry Toaster Pastries,Pop-Tarts,"[""Enriched flour (wheat flour, niacin, reduced iron, vitamin B1 [thiamin mononitrate], vitamin B2 [riboflavin], folic acid)"", ""corn syrup"", ""high fructose corn syrup"", ""dextrose"", ""sugar"", ""soybean and palm oil (with TBHQ for freshness)"", ""bleached wheat flour"", ""wheat starch"", ""salt"", ""dried blueberries"", ""dried grapes"", ""leavening (baking soda, sodium acid pyrophosphate, monocalcium phosphate)"", ""dried apples"", ""citric acid"", ""modified wheat starch"", ""gelatin"", ""yellow corn flour"", ""natural and artificial flavor"", ""xanthan gum"", ""soy lecithin"", ""caramel color"", ""cornstarch"", ""turmeric extract color"", ""red 40"", ""blue 2"", ""blue 1"", ""color added""]","{""servings_per_container"": ""4"", ""serving_size"": ""2 Pastries (96g)"", ""calories"": ""370"", ""total_fat"": ""8g"", ""saturated_fat"": ""2.5g"", ""trans_fat"": ""0g"", ""polyunsaturated_fat"": ""3g"", ""monounsaturated_fat"": ""1.5g"", ""cholesterol"": ""0mg"", ""sodium"": ""310mg"", ""total_carbohydrate"": ""71g"", ""dietary_fiber"": ""1g"", ""total_sugars"": ""30g"", ""added_sugars"": ""30g"", ""protein"": ""4g"", ""vitamin_d"": ""0mcg"", ""calcium"": ""0mg"", ""iron"": ""1.4mg"", ""potassium"": ""40mg"", ""thiamin"": ""4%"", ""riboflavin"": ""10%"", ""niacin"": ""10%"", ""folate"": ""40mcg DFE""}",withheld_for_review,US-retailer-1,unhealthy,pastries,384g,own-photography,,yes
016000125421,00016000125421,UPC-A,Apple Cinnamon Cheerios,General Mills,"[""Whole Grain Oats"", ""Sugar"", ""Corn Starch"", ""Apple Puree Concentrate"", ""Corn Syrup"", ""Canola and/or Sunflower Oil"", ""Refiner's Syrup"", ""Salt"", ""Cinnamon"", ""Trisodium Phosphate"", ""Vitamin E (mixed tocopherols)"", ""Calcium Carbonate"", ""Vitamin C (sodium ascorbate)"", ""Iron and Zinc (mineral nutrients)"", ""A B Vitamin (niacinamide)"", ""Vitamin B6 (pyridoxine hydrochloride)"", ""Vitamin B1 (thiamin mononitrate)"", ""Vitamin A (palmitate)"", ""Vitamin B2 (riboflavin)"", ""A B Vitamin (folic acid)"", ""Vitamin B12"", ""Vitamin D3""]","{""serving_size"": ""1 cup (37g)"", ""servings_per_container"": ""About 8"", ""calories"": ""140"", ""total_fat"": ""2g"", ""saturated_fat"": ""0g"", ""trans_fat"": ""0g"", ""polyunsaturated_fat"": ""0.5g"", ""monounsaturated_fat"": ""1g"", ""cholesterol"": ""0mg"", ""sodium"": ""150mg"", ""total_carbohydrate"": ""30g"", ""dietary_fiber"": ""3g"", ""soluble_fiber"": ""1g"", ""total_sugars"": ""12g"", ""added_sugars"": ""12g"", ""protein"": ""3g"", ""vitamin_d"": ""4mcg (20% DV)"", ""calcium"": ""130mg (10% DV)"", ""iron"": ""3.6mg (20% DV)"", ""potassium"": ""0mg (0% DV)"", ""vitamin_a"": ""10% DV"", ""vitamin_c"": ""10% DV"", ""thiamin"": ""20% DV"", ""riboflavin"": ""10% DV"", ""niacin"": ""10% DV"", ""vitamin_b6"": ""20% DV"", ""folate"": ""20% DV (45mcg folic acid)"", ""vitamin_b12"": ""20% DV"", ""zinc"": ""20% DV""}",withheld_for_review,US-retailer-1,better-for-you,extruded-cereals,11oz,own-photography,,yes
021130465101,00021130465101,UPC-A,Pure Grade A Maple Syrup Amber Color Rich Taste,Signature SELECT,"[""MAPLE SYRUP""]","{""serving_size"": ""2 tbsp (30mL)"", ""servings_per_container"": ""About 12"", ""calories"": ""110"", ""total_fat"": ""0g"", ""saturated_fat"": ""0g"", ""trans_fat"": ""0g"", ""cholesterol"": ""0mg"", ""sodium"": ""0mg"", ""total_carbohydrate"": ""26g"", ""dietary_fiber"": ""0g"", ""total_sugars"": ""26g"", ""added_sugars"": ""26g"", ""protein"": ""0g"", ""vitamin_d"": ""0%"", ""calcium"": ""0%"", ""iron"": ""0%"", ""potassium"": ""0%""}",withheld_for_review,US-retailer-1,better-for-you,maple-syrups,~360 mL,own-photography,,yes
079893124858,00079893124858,UPC-A,"100% Pure Maple Syrup, Grade A Amber Color Rich Taste",O Organics,"[""ORGANIC MAPLE SYRUP""]","{""serving_size"": ""2 tbsp (30mL)"", ""servings_per_container"": ""About 32"", ""calories"": ""110"", ""total_fat"": ""0g"", ""sodium"": ""0mg"", ""total_carbohydrate"": ""27g"", ""total_sugars"": ""24g"", ""added_sugars"": ""24g"", ""protein"": ""0g"", ""calcium"": ""30mg"", ""potassium"": ""90mg""}",withheld_for_review,US-retailer-1,better-for-you,amber-maple-syrups,32 FL oz (946 mL),own-photography,,yes
041449001104,00041449001104,UPC-A,Light & Fluffy Buttermilk Complete Pancake Mix,Krusteaz,"[""Enriched bleached flour (wheat flour, malted barley flour, niacin, reduced iron, thiamin mononitrate, riboflavin, folic acid)"", ""sugar"", ""dextrose"", ""leavening (baking soda, sodium aluminum phosphate, monocalcium phosphate)"", ""salt"", ""food starch-modified"", ""soybean oil"", ""buttermilk""]","{""serving_size"": ""1/2 cup mix (59g)"", ""servings_per_container"": ""about 15"", ""calories"": ""210"", ""total_fat"": ""1g"", ""saturated_fat"": ""0g"", ""trans_fat"": ""0g"", ""cholesterol"": ""0mg"", ""sodium"": ""650mg"", ""total_carbohydrate"": ""45g"", ""dietary_fiber"": ""< 1g"", ""total_sugars"": ""10g"", ""added_sugars"": ""9g"", ""protein"": ""4g"", ""vitamin_d"": ""0mcg"", ""calcium"": ""80mg"", ""iron"": ""2mg"", ""potassium"": ""50mg""}",withheld_for_review,US-retailer-1,better-for-you,soft-cake-filled-with-fruits,907 gr,own-photography,,yes
030000579961,00030000579961,UPC-A,Fiber Instant Oatmeal Apples & Cinnamon,Quaker,"[""WHOLE GRAIN OATS"", ""CHICORY ROOT EXTRACT"", ""SUGAR"", ""DRIED APPLES"", ""NATURAL FLAVORS"", ""CINNAMON"", ""SALT""]","{""serving_size"": ""1 packet (45g)"", ""servings_per_container"": ""8"", ""calories"": ""160"", ""total_fat"": ""2g"", ""saturated_fat"": ""0.5g"", ""trans_fat"": ""0g"", ""polyunsaturated_fat"": ""0.5g"", ""monounsaturated_fat"": ""0.5g"", ""cholesterol"": ""0mg"", ""sodium"": ""125mg"", ""total_carbohydrate"": ""35g"", ""dietary_fiber"": ""10g"", ""soluble_fiber"": ""8g"", ""total_sugars"": ""9g"", ""added_sugars"": ""7g"", ""protein"": ""4g"", ""vitamin_d"": ""0mcg"", ""calcium"": ""20mg"", ""iron"": ""1.1mg"", ""potassium"": ""120mg"", ""thiamin"": ""0.12mg"", ""phosphorus"": ""120mg"", ""magnesium"": ""40mg""}",withheld_for_review,US-retailer-1,better-for-you,rolled-oats,360g,own-photography,,yes
810220830543,00810220830543,UPC-A,Teriyaki Garlic Chicken,GEN,"[""CHICKEN"", ""SAUCE (WATER, SUGAR, SOY SAUCE [WATER, WHEAT, SOYBEANS, SALT, SODIUM BENZOATE (PRESERVATIVE)], GARLIC, KIWI, SALT, ONION, RICE COOKING WINE [WATER, RICE, WHEAT, SALT, CARAMEL], MONOSODIUM GLUTAMATE, GINGER, PURE SESAME OIL, SPICES, POTASSIUM SORBATE)"", ""SAUCE (GARLIC, VEGETABLE OIL, SOY SAUCE [WATER, WHEAT, SOYBEANS, SALT, SODIUM BENZOATE (PRESERVATIVE)], SUGAR, RICE COOKING WINE [WATER, RICE, WHEAT, SALT, CARAMEL], SEA SALT, MONOSODIUM GLUTAMATE, KIWI, ONION, GINGER, 100% EXPELLER PRESSED SESAME OIL, SPICES, POTASSIUM SORBATE)""]","{""servings_per_container"": ""3.5"", ""calories"": ""220"", ""total_fat"": ""14g"", ""saturated_fat"": ""2.5g"", ""trans_fat"": ""0g"", ""cholesterol"": ""70mg"", ""sodium"": ""680mg"", ""total_carbohydrate"": ""8g"", ""dietary_fiber"": ""0g"", ""total_sugars"": ""6g"", ""added_sugars"": ""6g"", ""protein"": ""13g"", ""vitamin_d"": ""0mg"", ""calcium"": ""10mg"", ""iron"": ""0.6mg"", ""potassium"": ""230mg""}",withheld_for_review,US-retailer-1,better-for-you,frozen-foods,,own-photography,,yes
021130110421,00021130110421,UPC-A,Turkey Meatballs Heat & Serve,Signature SELECT,"[""TURKEY"", ""WATER"", ""ONIONS"", ""MECHANICALLY SEPARATED TURKEY"", ""TEXTURED SOY FLOUR"", ""BREAD CRUMBS (WHEAT FLOUR, SALT)"", ""DEHYDRATED ONIONS"", ""GARLIC POWDER"", ""MALTODEXTRIN"", ""NATURAL FLAVORS"", ""SALT"", ""SOY PROTEIN CONCENTRATE"", ""SPICES"", ""SUGAR"", ""SODIUM PHOSPHATE""]","{""serving_size"": ""3 meatballs (85g)"", ""servings_per_container"": ""8"", ""calories"": ""140"", ""total_fat"": ""9g"", ""saturated_fat"": ""2.5g"", ""trans_fat"": ""0g"", ""cholesterol"": ""50mg"", ""sodium"": ""590mg"", ""total_carbohydrate"": ""6g"", ""dietary_fiber"": ""2g"", ""total_sugars"": ""1g"", ""added_sugars"": ""1g"", ""protein"": ""14g"", ""vitamin_d"": ""0.2mcg"", ""calcium"": ""50mg"", ""iron"": ""1.6mg"", ""potassium"": ""240mg""}",withheld_for_review,US-retailer-1,better-for-you,frozen-meats,~680 g,own-photography,,yes
021130095353,00021130095353,UPC-A,Garlic Toast Original,Signature SELECT,"[""ENRICHED WHEAT FLOUR (WHEAT FLOUR, NIACIN, REDUCED IRON, THIAMINE MONONITRATE, RIBOFLAVIN, FOLIC ACID)"", ""MALTED BARLEY FLOUR"", ""WATER"", ""SOYBEAN OIL"", ""SALT"", ""SUGAR"", ""CORN MEAL"", ""YEAST"", ""WHEAT GLUTEN"", ""DEXTROSE"", ""ASCORBIC ACID"", ""MICROBIAL ENZYMES"", ""CORN PROTEIN"", ""VEGETABLE OIL BLEND (SOYBEAN, PALM)"", ""CRUSHED GARLIC"", ""ONION POWDER"", ""NATURAL FLAVORS"", ""SWEET CREAM BUTTERMILK"", ""MONO- AND DIGLYCERIDES"", ""SPICE"", ""SUNFLOWER LECITHIN"", ""NATURAL GARLIC FLAVOR"", ""LACTIC ACID"", ""BETA-CAROTENE (COLOR)""]","{""serving_size"": ""1 slice (40g)"", ""servings_per_container"": ""8"", ""calories"": ""150"", ""total_fat"": ""9g"", ""saturated_fat"": ""1.5g"", ""trans_fat"": ""0g"", ""cholesterol"": ""0mg"", ""sodium"": ""220mg"", ""total_carbohydrate"": ""15g"", ""dietary_fiber"": ""<1g"", ""total_sugars"": ""<1g"", ""added_sugars"": ""0g"", ""protein"": ""3g"", ""vitamin_d"": ""0.1mcg"", ""calcium"": ""10mg"", ""iron"": ""1mg"", ""potassium"": ""30mg""}",withheld_for_review,US-retailer-1,better-for-you,frozen-foods,~320 g,own-photography,,yes
021130109494,00021130109494,UPC-A,Italian Inspired Ravioli Beef,Signature SELECT,"[""ENRICHED WHEAT FLOUR (SEMOLINA FLOUR [NIACIN, FERROUS SULFATE, THIAMINE MONONITRATE, RIBOFLAVIN, FOLIC ACID])"", ""WATER"", ""COOKED BEEF CRUMBLES (BEEF, WATER, SALT, SPICES)"", ""CHEESE BLEND (RICOTTA CHEESE [MILK, WHEY, SKIM MILK, AND/OR CREAM, VINEGAR, SALT, XANTHAN GUM, LOCUST BEAN GUM, GUAR GUM])"", ""ROMANO CHEESE [COW AND/OR SHEEP'S MILK, CULTURES, SALT, ENZYMES])"", ""WHEAT FLOUR"", ""SPINACH"", ""ONION"", ""MARINARA SAUCE (TOMATOES, SUGAR, SEA SALT, EXTRA VIRGIN OLIVE OIL, SUNFLOWER OIL, ONION POWDER, GARLIC POWDER, SPICES, NATURAL FLAVOR, CITRIC ACID)"", ""EGGS"", ""PARSLEY"", ""SALT"", ""BEEF BASE (OVEN ROASTED BEEF WITH NATURAL JUICES, SALT, MALTODEXTRIN [FROM CORN], SUGAR, YEAST EXTRACT, ONION POWDER, CARAMEL COLOR, VEGETABLE OIL [CORN, SOY, CANOLA], NATURAL FLAVORING)"", ""CARAMEL COLOR"", ""GARLIC POWDER"", ""BLACK PEPPER"", ""TURMERIC (COLOR)""]","{""serving_size"": ""10 pieces (136g)"", ""servings_per_container"": ""About 5"", ""calories"": ""270"", ""total_fat"": ""6g"", ""saturated_fat"": ""2.5g"", ""trans_fat"": ""0g"", ""cholesterol"": ""20mg"", ""sodium"": ""380mg"", ""total_carbohydrate"": ""41g"", ""dietary_fiber"": ""2g"", ""total_sugars"": ""0g"", ""added_sugars"": ""0g"", ""protein"": ""11g"", ""vitamin_d"": ""0mcg"", ""calcium"": ""60mg"", ""iron"": ""1mg"", ""potassium"": ""180mg""}",withheld_for_review,US-retailer-1,healthy,ravioli,145 g,own-photography,,yes
075278905630,00075278905630,UPC-A,Uncooked Boneless & Skinless Chicken Breast Fillets with Rib Meat,Foster Farms,"[""BONELESS & SKINLESS CHICKEN BREASTS WITH RIB MEAT"", ""WATER"", ""KOSHER SALT""]","{""serving_size"": ""4 oz (112g)"", ""servings_per_container"": ""10"", ""calories"": ""110"", ""total_fat"": ""2.5g"", ""saturated_fat"": ""0.5g"", ""trans_fat"": ""0g"", ""cholesterol"": ""70mg"", ""sodium"": ""260mg"", ""total_carbohydrate"": ""0g"", ""dietary_fiber"": ""0g"", ""total_sugars"": ""0g"", ""added_sugars"": ""0g"", ""protein"": ""22g"", ""vitamin_d"": ""0mcg"", ""calcium"": ""0mg"", ""iron"": ""0.4mg"", ""potassium"": ""330mg""}",withheld_for_review,US-retailer-1,healthy,frozen-poultry,~1120 g,own-photography,,yes
073202892018,00073202892018,UPC-A,Beef & Cheese Burrito,José Olé,"[""Enriched wheat flour (wheat flour, niacin, reduced iron, thiamine mononitrate, riboflavin, folic acid)"", ""Water"", ""Soybean oil"", ""Corn flour"", ""Salt"", ""Dough conditioner (whey, l-cysteine hydrochloride)"", ""Guar gum"", ""Sodium stearoyl lactylate"", ""Leavening (sodium bicarbonate, corn starch, sodium aluminum sulfate, calcium sulfate, monocalcium phosphate)"", ""Beef (beef, ground beef)"", ""Green chile peppers (green chiles, citric acid)"", ""Cheddar cheese (pasteurized milk, cheese cultures, salt, enzymes, annatto)"", ""Onions"", ""Monterey jack cheese (pasteurized milk, cheese cultures, salt, enzymes)"", ""Tomato paste"", ""Green bell peppers"", ""Long grain enriched parboiled rice (enriched with niacin, iron, thiamine mononitrate, riboflavin, folic acid)"", ""Textured vegetable protein (soy flour, caramel color)"", ""Flavor (beef stock powder, salt, sugar, natural flavor, thiamin hydrochloride)"", ""Textured wheat flour (wheat flour, niacin, reduced iron, thiamine mononitrate, riboflavin, folic acid)"", ""Caramel color"", ""Zinc oxide"", ""Niacinamide"", ""Ferrous sulfate"", ""Copper gluconate"", ""Vitamin a palmitate"", ""Calcium pantothenate"", ""Thiamine mononitrate"", ""Pyridoxine hydrochloride"", ""Riboflavin"", ""Cyanocobalamin"", ""Spice"", ""Modified food starch""]","{""serving_size"": ""1 Burrito (142g)"", ""servings_per_container"": ""1"", ""calories"": ""350"", ""calories_from_fat"": ""140"", ""total_fat"": ""15g"", ""total_fat_daily_value"": ""23%"", ""saturated_fat"": ""5g"", ""saturated_fat_daily_value"": ""25%"", ""trans_fat"": ""0.5g"", ""cholesterol"": ""25mg"", ""cholesterol_daily_value"": ""8%"", ""sodium"": ""670mg"", ""sodium_daily_value"": ""28%"", ""total_carbohydrate"": ""41g"", ""total_carbohydrate_daily_value"": ""14%"", ""dietary_fiber"": ""2g"", ""dietary_fiber_daily_value"": ""8%"", ""sugars"": ""1g"", ""protein"": ""12g"", ""vitamin_a_daily_value"": ""10%"", ""vitamin_c_daily_value"": ""2%"", ""calcium_daily_value"": ""8%"", ""iron_daily_value"": ""15%""}",withheld_for_review,US-retailer-1,unhealthy,frozen-foods,5oz (142g),own-photography,,yes
042272002658,00042272002658,UPC-A,Light in Sodium Mexican Casserole Bowl,Amy's,"[""FILTERED WATER"", ""ORGANIC CORN"", ""ORGANIC CORN MASA (ORGANIC STONEGROUND CORN FLOUR, TRACE OF LIME)"", ""ORGANIC BLACK BEANS"", ""MONTEREY JACK CHEESE (PASTEURIZED MILK, CULTURE, SALT, ENZYMES [WITHOUT ANIMAL ENZYMES OR RENNET])"", ""OLIVES"", ""ORGANIC TOMATO PUR\u00c9E"", ""ORGANIC EXPELLER PRESSED HIGH OLEIC SAFFLOWER AND/OR SUNFLOWER OIL"", ""ORGANIC YELLOW ONIONS"", ""ORGANIC SWEET RICE FLOUR"", ""SPICES"", ""ORGANIC GARLIC"", ""SEA SALT"", ""ORGANIC CILANTRO""]","{""serving_size"": ""1 bowl (269g)"", ""servings_per_container"": ""1"", ""calories"": ""370"", ""total_fat"": ""16g"", ""saturated_fat"": ""5g"", ""trans_fat"": ""0g"", ""cholesterol"": ""20mg"", ""sodium"": ""370mg"", ""total_carbohydrate"": ""46g"", ""dietary_fiber"": ""6g"", ""total_sugars"": ""4g"", ""added_sugars"": ""0g"", ""protein"": ""13g"", ""vitamin_d"": ""0mcg"", ""calcium"": ""260mg"", ""iron"": ""3.4mg"", ""potassium"": ""400mg""}",withheld_for_review,US-retailer-1,better-for-you,frozen-foods,~269 g,own-photography,,yes
072655405097,00072655405097,UPC-A,Café Steamers Barbecue Seasoned Steak with Potatoes,Healthy Choice,"[""RUSSET POTATOES"", ""SEASONED COOKED BEEF STEAK AND BINDER PRODUCT (BEEF, WATER, CONTAINS 2% OR LESS OF: CARAMEL COLOR, DEXTROSE, SEASONING [NATURAL FLAVOR, SALT, MALTODEXTRIN, DRIED WHEY, DRIED CAULIFLOWER, SESAME OIL], MODIFIED CORN STARCH, POTASSIUM CHLORIDE, POTASSIUM PHOSPHATE, SALT, SODIUM PHOSPHATES, SPICE EXTRACTIVES)"", ""WATER"", ""CORN"", ""GREEN AND RED BELL PEPPERS"", ""ONIONS"", ""MOLASSES"", ""TOMATO PASTE"", ""BARBEQUE SEASONING (BROWN SUGAR, SUGAR, MOLASSES, WORCESTERSHIRE SAUCE POWDER [CORN SYRUP, SALT, CARAMEL COLOR, GARLIC, SUGAR, SPICES, SOY SAUCE SOLIDS {FERMENTED WHEAT AND SOYBEAN, SALT, MALTODEXTRIN, CARAMEL COLOR}, PALM OIL, TAMARIND, NATURAL FLAVOR], MALTODEXTRIN, SODIUM DIACETATE, SPICES INCLUDING PAPRIKA AND TURMERIC, NATURAL SMOKE FLAVOR [CONTAINS MALTODEXTRIN], CITRIC ACID, LACTOSE, DEHYDRATED ONION AND GARLIC)"", ""CONTAINS 2% OR LESS OF: SUGAR"", ""SALTED WHISKEY (WHISKEY, SALT)"", ""MODIFIED CORN STARCH"", ""RED WINE VINEGAR"", ""SALT"", ""NATURAL MESQUITE SMOKE FLAVOR"", ""POTASSIUM CHLORIDE"", ""GARLIC POWDER""]","{""serving_size"": ""1 meal (269g)"", ""servings_per_container"": ""1"", ""calories"": ""300"", ""total_fat"": ""4g"", ""saturated_fat"": ""1.5g"", ""trans_fat"": ""0g"", ""polyunsaturated_fat"": ""1g"", ""monounsaturated_fat"": ""1.5g"", ""cholesterol"": ""35mg"", ""sodium"": ""450mg"", ""total_carbohydrate"": ""49g"", ""dietary_fiber"": ""4g"", ""total_sugars"": ""16g"", ""added_sugars"": ""16g"", ""protein"": ""16g"", ""vitamin_d"": ""0mcg"", ""calcium"": ""90mg"", ""iron"": ""3.7mg"", ""potassium"": ""1220mg"", ""vitamin_a"": ""0%"", ""vitamin_c"": ""15%""}",withheld_for_review,US-retailer-1,better-for-you,vegetables-based-foods,~269 g,own-photography,,yes
013800103215,00013800103215,UPC-A,Classic Lasagna with Meat & Sauce,Stouffer's,"[""TOMATO PUREE (WATER, TOMATO PASTE)"", ""COOKED PASTA (WATER, SEMOLINA WHEAT FLOUR)"", ""WATER"", ""COOKED BEEF"", ""LOW-MOISTURE PART-SKIM MOZZARELLA CHEESE (CULTURED PART-SKIM MILK, SALT, ENZYMES)"", ""PART-SKIM MOZZARELLA CHEESE AND MODIFIED FOOD STARCH (PART-SKIM MOZZARELLA CHEESE [CULTURED MILK, SALT, ENZYMES], MODIFIED FOOD STARCH, SKIM MILK)"", ""2% OR LESS OF MODIFIED FOOD STARCH"", ""SOY SAUCE (WATER, SOYBEANS, WHEAT, SALT)"", ""WHEAT FLOUR"", ""DRIED ONIONS"", ""SALT"", ""SUGAR"", ""PARMESAN CHEESE (CULTURED MILK, SALT, ENZYMES)"", ""SPICES"", ""GARLIC POWDER""]","{""serving_size"": ""1 Package (297g)"", ""servings_per_container"": ""1"", ""calories"": ""360"", ""total_fat"": ""12g"", ""saturated_fat"": ""6g"", ""trans_fat"": ""0.5g"", ""cholesterol"": ""40mg"", ""sodium"": ""1050mg"", ""total_carbohydrate"": ""41g"", ""dietary_fiber"": ""3g"", ""total_sol_sugars"": ""7g"", ""added_sugars"": ""1g"", ""protein"": ""21g"", ""vitamin_d"": ""0mcg"", ""calcium"": ""260mg"", ""iron"": ""1.9mg"", ""potassium"": ""640mg""}",withheld_for_review,US-retailer-1,unhealthy,pasta-dishes,297g,own-photography,,yes
760295004212,00760295004212,UPC-A,Pretzel Braids Maui Monk,Stellar Snacks,"[""Enriched Wheat Flour (Wheat Flour, Niacin, Reduced Iron, Thiamine Mononitrate, Riboflavin, Folic Acid)"", ""Malted Barley Flour"", ""Canola Oil"", ""Vegan Butter (Corn Maltodextrin, Gum Acacia)"", ""Malt Tapioca Blend (Tapioca Syrup, Malt Extract)"", ""Sea Salt"", ""Onion and Garlic Powder"", ""Natural Flavor"", ""Raw Cane Sugar"", ""Citric Acid"", ""Monk Fruit Extract""]","{""serving_size"": ""1 oz (28g)"", ""servings_per_container"": ""About 12"", ""calories"": ""120"", ""total_fat"": ""4g"", ""saturated_fat"": ""0g"", ""trans_fat"": ""0g"", ""cholesterol"": ""0mg"", ""sodium"": ""420mg"", ""total_carbohydrate"": ""18g"", ""dietary_fiber"": ""<1g"", ""total_sugars"": ""1g"", ""added_sugars"": ""1g"", ""protein"": ""3g"", ""vitamin_d"": ""0mcg"", ""calcium"": ""0mg"", ""iron"": ""1mg"", ""potassium"": ""0mg""}",withheld_for_review,US-retailer-1,better-for-you,pretzel,12 oz,own-photography,,yes
072554001543,00072554001543,UPC-A,The Original Champion Vanilla,Drumstick,"[""SKIM MILK"", ""SUGAR"", ""PEANUTS"", ""COCONUT OIL"", ""CORN SYRUP"", ""BLEACHED WHEAT FLOUR"", ""WHEY"", ""PALM OLEIN"", ""COCOA"", ""PALM OIL AND/OR SOYBEAN OIL"", ""SOY LECITHIN"", ""CREAM"", ""GUAR GUM"", ""MONOGLYCERIDES"", ""SALT"", ""CAROB BEAN GUM"", ""NATURAL FLAVOR"", ""MILK"", ""ANNATTO COLOR""]","{""serving_size"": ""1 Drumstick (90g)"", ""servings_per_container"": ""8"", ""calories"": ""280"", ""total_fat"": ""15g"", ""saturated_fat"": ""9g"", ""trans_fat"": ""0g"", ""cholesterol"": ""0mg"", ""sodium"": ""90mg"", ""total_carbohydrate"": ""34g"", ""dietary_fiber"": ""1g"", ""total_sugars"": ""21g"", ""added_sugars"": ""17g"", ""protein"": ""4g"", ""vitamin_d"": ""0mcg"", ""calcium"": ""60mg"", ""iron"": ""1mg"", ""potassium"": ""200mg""}",withheld_for_review,US-retailer-1,unhealthy,frozen-desserts,~720 g,own-photography,,yes
072554276569,00072554276569,UPC-A,Oreo Frozen Dairy Dessert Bars,OREO,"[""SKIM MILK"", ""OREO COOKIE PIECES (ENRICHED WHEAT FLOUR [WHEAT FLOUR, NIACIN, REDUCED IRON, THIAMINE MONONITRATE, RIBOFLAVIN, FOLIC ACID], SUGAR, PALM OIL, SOYBEAN AND/OR CANOLA OIL, COCOA PROCESSED WITH ALKALI, BLEACHED WHEAT FLOUR, INVERT SUGAR, BAKING SODA, CALCIUM PHOSPHATE, SOY LECITHIN, SALT, CHOCOLATE, NATURAL AND ARTIFICIAL FLAVOR, CORN SYRUP, CORN FLOUR)"", ""SUGAR"", ""COCONUT OIL"", ""CORN SYRUP"", ""SOYBEAN OIL"", ""WHEY"", ""CREAM"", ""SOY LECITHIN"", ""POLYGLYCEROL POLYRICINOLEATE ACID"", ""GUAR GUM"", ""MONOGLYCERIDES"", ""CAROB BEAN GUM"", ""NATURAL FLAVOR""]","{""serving_size"": ""1 Bar (56g)"", ""servings_per_container"": ""5"", ""calories_per_serving"": ""180"", ""calories_per_container"": ""890"", ""total_fat_per_serving"": ""9g"", ""saturated_fat_per_serving"": ""6g"", ""trans_fat_per_serving"": ""0g"", ""cholesterol_per_serving"": ""0mg"", ""sodium_per_serving"": ""75mg"", ""total_carbohydrate_per_serving"": ""22g"", ""dietary_fiber_per_serving"": ""0g"", ""total_sugars_per_serving"": ""16g"", ""added_sugars_per_serving"": ""13g"", ""protein_per_serving"": ""2g"", ""vitamin_d_per_serving"": ""0mcg"", ""calcium_per_serving"": ""50mg"", ""iron_per_serving"": ""0.8mg"", ""potassium_per_serving"": ""100mg""}",withheld_for_review,US-retailer-1,unhealthy,frozen-desserts,~280 g,own-photography,,yes
038000492761,00038000492761,UPC-A,Thick & Fluffy Original Waffles,Eggo,"[""Enriched flour (wheat flour, niacin, reduced iron, vitamin B1 [thiamin mononitrate], vitamin B2 [riboflavin], folic acid)"", ""water"", ""vegetable oil (soybean, palm, canola and/or cottonseed)"", ""sugar"", ""leavening (baking soda, sodium aluminum phosphate, monocalcium phosphate)"", ""salt"", ""fructose"", ""eggs"", ""whey"", ""vanilla beans"", ""vanilla extract"", ""soy lecithin"", ""Calcium carbonate"", ""iron"", ""vitamin A palmitate"", ""vitamin B6 (pyridoxine hydrochloride)"", ""vitamin B12""]","{""servings_per_container"": ""6"", ""serving_size"": ""1 Waffle (55g)"", ""calories"": ""160"", ""total_fat"": ""7g"", ""saturated_fat"": ""2g"", ""trans_fat"": ""0g"", ""cholesterol"": ""0mg"", ""sodium"": ""260mg"", ""total_carbohydrate"": ""23g"", ""dietary_fiber"": ""<1g"", ""total_sugars"": ""6g"", ""added_sugars"": ""6g"", ""protein"": ""3g"", ""vitamin_d"": ""0mcg"", ""calcium"": ""260mg"", ""iron"": ""3.6mg"", ""potassium"": ""30mg"", ""vitamin_a"": ""20%"", ""niacin"": ""10%"", ""vitamin_b6"": ""10%"", ""folate"": ""55mcg DFE (30mcg Folic Acid)"", ""vitamin_b12"": ""10%"", ""phosphorus"": ""10%""}",withheld_for_review,US-retailer-1,better-for-you,frozen-cakes-and-pastries,~330 g,own-photography,,yes
040000579816,00040000579816,UPC-A,Peanut Butter Chocolate Candies,M&M's,"[""MILK CHOCOLATE (SUGAR, COCOA BUTTER, CHOCOLATE, MILK, LACTOSE, PEANUTS, MILKFAT, SOY LECITHIN, SALT, NATURAL FLAVOR)"", ""SUGAR"", ""PEANUT BUTTER (PARTIALLY DEFATTED PEANUTS, PALM OIL)"", ""HYDROGENATED PALM KERNEL OIL AND/OR VEGETABLE OIL (PALM AND SUNFLOWER OILS)"", ""CORNSTARCH"", ""DEXTROSE"", ""CORN SYRUP"", ""NATURAL FLAVOR"", ""SALT"", ""DEXTRIN"", ""BLUE 1 LAKE"", ""RED 40"", ""YELLOW 6"", ""YELLOW 5"", ""BLUE 1"", ""RED 40 LAKE"", ""YELLOW 6 LAKE"", ""YELLOW 5 LAKE"", ""BLUE 2 LAKE"", ""BLUE 2"", ""CARNAUBA WAX"", ""PROPYL GALLATE TO MAINTAIN FRESHNESS"", ""GUM ACACIA""]","{""serving_size"": ""1 oz (28g/about 16 pieces)"", ""servings_per_container"": ""9"", ""calories"": ""150"", ""total_fat"": ""8g"", ""saturated_fat"": ""5g"", ""trans_fat"": ""0g"", ""cholesterol"": ""0mg"", ""sodium"": ""60mg"", ""total_carbohydrate"": ""16g"", ""dietary_fiber"": ""1g"", ""total_sugars"": ""14g"", ""added_sugars"": ""13g"", ""protein"": ""3g"", ""vitamin_d"": ""0mcg"", ""calcium"": ""0mg"", ""iron"": ""0mg"", ""potassium"": ""100mg""}",withheld_for_review,US-retailer-1,unhealthy,candy-chocolate-bars,9.0 oz,own-photography,,yes
034000463848,00034000463848,UPC-A,Reese's Miniature Cups Milk Chocolate & Peanut Butter,Reese's,"[""Milk Chocolate (Sugar, Cocoa Butter, Chocolate, Skim Milk, Milk Fat, Lactose, Lecithin (Soy), PGPR)"", ""Peanuts"", ""Sugar"", ""Dextrose"", ""Salt"", ""TBHQ & Citric Acid (To Maintain Freshness)""]","{""serving_size"": ""3 pieces (26g)"", ""servings_per_container"": ""about 10"", ""calories"": ""130"", ""total_fat"": ""7g"", ""saturated_fat"": ""3g"", ""trans_fat"": ""0g"", ""cholesterol"": ""<5mg"", ""sodium"": ""70mg"", ""total_carbohydrate"": ""16g"", ""dietary_fiber"": ""<1g"", ""total_sugars"": ""14g"", ""added_sugars"": ""13g"", ""protein"": ""2g"", ""vitamin_d"": ""0mcg"", ""calcium"": ""20mg"", ""iron"": ""0.7mg"", ""potassium"": ""85mg""}",withheld_for_review,US-retailer-1,better-for-you,chocolate-candies,~260 g,own-photography,,yes
709586514856,00709586514856,UPC-A,Strawberry Lemon Prebiotic Soda,poppi,"[""Sparkling Water"", ""Cassava Root Fiber"", ""Organic Cane Sugar"", ""Organic Apple Cider Vinegar"", ""Natural Flavors"", ""Lemon Juice*"", ""Strawberry Juice*"", ""Organic Agave Inulin"", ""Stevia Leaf Extract"", ""*Concentrate""]","{""serving_size"": ""1 Can (12 fl oz)"", ""calories"": ""30"", ""total_fat"": ""0g"", ""sodium"": ""0mg"", ""total_carbohydrate"": ""9g"", ""dietary_fiber"": ""3g"", ""total_sugars"": ""5g"", ""added_sugars"": ""4g"", ""protein"": ""0g""}",withheld_for_review,US-retailer-1,better-for-you,Probiotic Soda,355 ml / 12oz,own-photography,,yes
016571952679,00016571952679,UPC-A,Grape Raspberry Flavored Sparkling Water,Sparkling Ice,"[""CARBONATED WATER"", ""RASPBERRY JUICE CONCENTRATE"", ""APPLE JUICE CONCENTRATE"", ""FRUIT AND VEGETABLE JUICE (FOR COLOR)"", ""NATURAL FLAVORS"", ""GREEN TEA EXTRACT"", ""D-ALPHA-TOCOPHERYL ACETATE (VITAMIN E)"", ""NIACINAMIDE (VITAMIN B3)"", ""CALCIUM PANTOTHENATE (VITAMIN B5)"", ""PYRIDOXINE HYDROCHLORIDE (VITAMIN B6)"", ""BIOTIN"", ""CYANOCOBALAMIN (VITAMIN B12)"", ""SUCRALOSE"", ""CITRIC ACID"", ""TARTARIC ACID"", ""GUM ARABIC"", ""ESTER GUM"", ""POTASSIUM BENZOATE (TO ENSURE FRESHNESS)""]","{""serving_size"": ""1 Bottle"", ""calories"": ""5"", ""total_fat"": ""0g"", ""sodium"": ""0mg"", ""total_carbohydrate"": ""0g"", ""protein"": ""0g"", ""vitamin_e"": ""15%"", ""niacin"": ""15%"", ""biotin"": ""15%"", ""vitamin_b6"": ""15%"", ""vitamin_b12"": ""15%"", ""pantothenic_acid"": ""15%""}",withheld_for_review,US-retailer-1,better-for-you,artificially-sweetened-beverages,17 fl oz,own-photography,,yes
070847012474,00070847012474,UPC-A,Monster Energy Zero Ultra,Monster Energy,"[""CARBONATED WATER"", ""CITRIC ACID"", ""ERYTHRITOL"", ""TAURINE"", ""SODIUM CITRATE"", ""NATURAL & ARTIFICIAL FLAVORS"", ""PANAX GINSENG FLAVOR"", ""L-CARNITINE L-TARTRATE"", ""CAFFEINE"", ""SUCRALOSE"", ""SORBIC ACID (PRESERVATIVE)"", ""BENZOIC ACID (PRESERVATIVE)"", ""NIACINAMIDE (VIT. B3)"", ""D-CALCIUM PANTOTHENATE (VIT. B5)"", ""ESTER GUM"", ""ACESULFAME POTASSIUM"", ""INOSITOL"", ""PYRIDOXINE HYDROCHLORIDE (VIT. B6)"", ""CYANOCOBALAMIN (VIT. B12)""]","{""serving_size"": ""1 can"", ""calories"": ""10"", ""total_fat"": ""0g"", ""sodium"": ""380mg"", ""total_carbohydrate"": ""6g"", ""total_sugars"": ""0g"", ""includes_added_sugars"": ""0g"", ""erythritol"": ""2g"", ""protein"": ""0g"", ""niacin"": ""250%"", ""vitamin_b6"": ""240%"", ""vitamin_b12"": ""490%"", ""pantothenic_acid"": ""400%""}",withheld_for_review,US-retailer-1,better-for-you,energy-drinks,1 can (16 oz),own-photography,,yes
898999010007,00898999010007,UPC-A,Coconut Water The Original,Vita Coco,"[""COCONUT WATER"", ""LESS THAN 1% SUGAR"", ""ASCORBIC ACID (VITAMIN C)""]","{""serving_size"": ""8 FL OZ (240 mL)"", ""servings_per_container"": ""About 2"", ""calories_per_serving"": ""45"", ""calories_per_container"": ""90"", ""total_fat_per_serving"": ""0g"", ""saturated_fat_per_serving"": ""0g"", ""trans_fat_per_serving"": ""0g"", ""cholesterol_per_serving"": ""0mg"", ""sodium_per_serving"": ""70mg"", ""total_carbohydrate_per_serving"": ""11g"", ""dietary_fiber_per_serving"": ""0g"", ""total_sugars_per_serving"": ""11g"", ""added_sugars_per_serving"": ""1g"", ""protein_per_serving"": ""0g"", ""vitamin_d_per_serving"": ""0mcg"", ""calcium_per_serving"": ""29mg"", ""iron_per_serving"": ""0mg"", ""potassium_per_serving"": ""470mg"", ""vitamin_c_per_serving"": ""43mg"", ""phosphorus_per_serving"": ""24mg"", ""magnesium_per_serving"": ""19mg""}",withheld_for_review,US-retailer-1,healthy,coconut-waters,500 ml,own-photography,,yes
049000061017,00049000061017,UPC-A,Coca-Cola Original Taste,Coca-Cola,"[""CARBONATED WATER"", ""HIGH FRUCTOSE CORN SYRUP"", ""CARAMEL COLOR"", ""PHOSPHORIC ACID"", ""NATURAL FLAVORS"", ""CAFFEINE""]","{""serving_size"": ""1 Can"", ""calories"": ""90"", ""total_fat"": ""0g"", ""sodium"": ""30mg"", ""total_carbohydrate"": ""25g"", ""total_sugars"": ""25g"", ""added_sugars"": ""25g"", ""protein"": ""0g""}",withheld_for_review,US-retailer-1,unhealthy,sweetened-beverages,45 fl oz,own-photography,,yes
084114901903,00084114901903,UPC-A,Air Fried Jalapeño,Kettle Brand,"[""POTATOES"", ""VEGETABLE OIL (CANOLA, SAFFLOWER AND/OR SUNFLOWER)"", ""SALT"", ""SUGAR"", ""ONION POWDER"", ""SPICES"", ""TORULA YEAST"", ""YEAST EXTRACT"", ""GARLIC POWDER"", ""JALAPE\u00d1O PEPPER POWDER"", ""NATURAL FLAVORS"", ""PARSLEY""]","{""serving_size"": ""1 oz / About 13 Chips (28g)"", ""servings_per_container"": ""About 7"", ""calories"": ""130"", ""total_fat"": ""6g"", ""saturated_fat"": ""0g"", ""trans_fat"": ""0g"", ""polyunsaturated_fat"": ""1g"", ""monounsaturated_fat"": ""4g"", ""cholesterol"": ""0mg"", ""sodium"": ""220mg"", ""total_carbohydrate"": ""18g"", ""dietary_fiber"": ""1g"", ""total_sugars"": ""1g"", ""includes_added_sugars"": ""1g"", ""protein"": ""2g"", ""vitamin_d"": ""0mcg"", ""calcium"": ""10mg"", ""iron"": ""0.5mg"", ""potassium"": ""330mg""}",withheld_for_review,US-retailer-1,better-for-you,potato-crisps,~196 g,own-photography,,yes
028400183833,00028400183833,UPC-A,Baked Barbecue Flavored Potato Chips,Lay's,"[""DRIED POTATOES"", ""OLIVE OIL"", ""CORN STARCH"", ""SUGAR"", ""SALT"", ""SOY LECITHIN"", ""ONION POWDER"", ""BROWN SUGAR"", ""MOLASSES"", ""DEXTROSE"", ""SPICES"", ""FRUCTOSE"", ""GARLIC POWDER"", ""TOMATO POWDER"", ""YEAST"", ""NATURAL FLAVORS (CONTAINS MILK)"", ""PAPRIKA EXTRACT (COLOR)"", ""ANNATTO EXTRACT (COLOR)""]","{""serving_size"": ""About 16 crisps (28g)"", ""servings_per_container"": ""About 6"", ""calories"": ""130"", ""total_fat"": ""5g"", ""saturated_fat"": ""0.5g"", ""trans_fat"": ""0g"", ""polyunsaturated_fat"": ""0.5g"", ""monounsaturated_fat"": ""3.5g"", ""cholesterol"": ""0mg"", ""sodium"": ""140mg"", ""total_carbohydrate"": ""20g"", ""dietary_fiber"": ""1g"", ""total_sugars"": ""2g"", ""added_sugars"": ""2g"", ""protein"": ""2g"", ""vitamin_d"": ""0mcg"", ""calcium"": ""10mg"", ""iron"": ""0.3mg"", ""potassium"": ""240mg""}",withheld_for_review,US-retailer-1,better-for-you,crisps-made-from-reconstituted-potato,~168 g,own-photography,,yes
044000058395,00044000058395,UPC-A,Gluten Free Three Cheese Rice & Cheese Snacks,Good Thins,"[""WHOLE GRAIN BROWN RICE FLOUR"", ""TAPIOCA STARCH"", ""SUGAR"", ""PARMESAN CHEESE POWDER (PASTEURIZED MILK, SALT, CHEESE CULTURE, ENZYMES)"", ""HIGH OLEIC SAFFLOWER OIL"", ""SALT"", ""WHEY"", ""WHITE RICE FLOUR"", ""CREAM"", ""BUTTERMILK"", ""CHEDDAR CHEESE POWDER (PASTEURIZED MILK, SALT, CHEESE CULTURE, ENZYMES)"", ""NONFAT MILK"", ""ONION POWDER"", ""NATURAL FLAVOR"", ""GOUDA CHEESE POWDER (PASTEURIZED MILK, SALT, CHEESE CULTURE, ENZYMES)""]","{""serving_size"": ""17 pieces (30g)"", ""servings_per_container"": ""about 3.5"", ""calories"": ""130"", ""total_fat"": ""3g"", ""saturated_fat"": ""1g"", ""trans_fat"": ""0g"", ""cholesterol"": ""less than 5mg"", ""sodium"": ""180mg"", ""total_carbohydrate"": ""23g"", ""dietary_fiber"": ""less than 1g"", ""total_sugars"": ""3g"", ""added_sugars"": ""2g"", ""protein"": ""3g"", ""vitamin_d"": ""0.2mcg"", ""calcium"": ""40mg"", ""iron"": ""0.4mg"", ""potassium"": ""60mg""}",withheld_for_review,US-retailer-1,better-for-you,snacks,~105 g,own-photography,,yes
079893162492,00079893162492,UPC-A,White Corn Tortilla Chips with Sea Salt,O Organics,"[""ORGANIC WHITE CORN FLOUR"", ""ORGANIC VEGETABLE OIL (SUNFLOWER, SAFFLOWER, CANOLA AND/OR SOYBEAN)"", ""SEA SALT""]","{""servings_per_container"": ""About 8"", ""serving_size"": ""1 oz (28g/14 chips)"", ""calories"": ""140"", ""total_fat"": ""7g"", ""saturated_fat"": ""0.5g"", ""trans_fat"": ""0g"", ""cholesterol"": ""0mg"", ""sodium"": ""65mg"", ""total_carbohydrate"": ""16g"", ""dietary_fiber"": ""1g"", ""total_sugars"": ""0g"", ""added_sugars"": ""0g"", ""protein"": ""2g"", ""vitamin_d"": ""0mcg"", ""calcium"": ""20mg"", ""iron"": ""0.4mg"", ""potassium"": ""60mg""}",withheld_for_review,US-retailer-1,healthy,corn-chips,~224 g,own-photography,,yes
028400070980,00028400070980,UPC-A,Salsa Con Queso Medium,Tostitos,"[""WATER"", ""SKIM MILK"", ""MONTEREY JACK CHEESE (MILK, CHEESE CULTURES, SALT, ENZYMES)"", ""VEGETABLE OIL (CORN, SUNFLOWER, AND/OR CANOLA OIL)"", ""MODIFIED FOOD STARCH"", ""DICED TOMATOES IN TOMATO JUICE"", ""JALAPE\u00d1O PEPPERS"", ""CHILE PEPPERS"", ""RED BELL PEPPERS"", ""MALTODEXTRIN (MADE FROM CORN)"", ""SALT"", ""NATURAL FLAVORS"", ""SODIUM HEXAMETAPHOSPHATE"", ""MONOSODIUM GLUTAMATE"", ""DATEM"", ""SODIUM PHOSPHATE"", ""SPICE"", ""ARTIFICIAL COLOR (YELLOW 5, YELLOW 6)""]","{""serving_size"": ""2 Tbsp (34g)"", ""servings_per_container"": ""About 13"", ""calories"": ""40"", ""total_fat"": ""2.5g"", ""saturated_fat"": ""1g"", ""trans_fat"": ""0g"", ""cholesterol"": ""less than 5mg"", ""sodium"": ""280mg"", ""total_carbohydrate"": ""5g"", ""dietary_fiber"": ""less than 1g"", ""total_sugars"": ""less than 1g"", ""added_sugars"": ""0g"", ""protein"": ""less than 1g"", ""vitamin_d"": ""0% DV"", ""calcium"": ""2% DV"", ""iron"": ""0% DV"", ""potassium"": ""0% DV""}",withheld_for_review,US-retailer-1,better-for-you,Salsas para mojar,15 oz (425.2 g),own-photography,,yes
076410906102,00076410906102,UPC-A,Toast Chee Peanut Butter Sandwich Crackers,Lance,"[""Enriched Flour (Wheat Flour, Niacin, Reduced Iron, Thiamine Mononitrate, Riboflavin, Folic Acid)"", ""Peanut Butter (Roasted Peanuts)"", ""Vegetable Oils (Soybean, Palm and/or Canola)"", ""Dextrose"", ""Sugar"", ""Salt"", ""Corn Syrup"", ""Leavening (Monocalcium Phosphate, Sodium Bicarbonate, Ammonium Bicarbonate)"", ""Cheddar Cheese (Milk, Cultures, Salt, Enzymes)"", ""Yellow 6"", ""Soy Lecithin"", ""Whey (Milk)""]","{""serving_size"": ""1 Pack (43g)"", ""servings_per_container"": ""10"", ""calories"": ""220"", ""total_fat"": ""11g"", ""saturated_fat"": ""2.5g"", ""trans_fat"": ""0g"", ""polyunsaturated_fat"": ""4g"", ""monounsaturated_fat"": ""4.5g"", ""cholesterol"": ""0mg"", ""sodium"": ""330mg"", ""total_carbohydrate"": ""25g"", ""dietary_fiber"": ""< 1g"", ""total_sugars"": ""5g"", ""added_sugars"": ""3g"", ""protein"": ""5g"", ""vitamin_d"": ""0mcg"", ""calcium"": ""50mg"", ""iron"": ""1.4mg"", ""potassium"": ""80mg""}",withheld_for_review,US-retailer-1,better-for-you,Crackers,~430 g,own-photography,,yes
028400798372,00028400798372,UPC-A,Doritos Protein Nacho Cheese Flavored Tortilla Chips,Doritos,"[""MILK PROTEIN (CASEIN)"", ""VEGETABLE OIL (CORN, CANOLA, SOYBEAN, AND/OR SUNFLOWER OIL)"", ""CORN"", ""RICE FLOUR"", ""CORN STARCH"", ""CHEDDAR CHEESE (MILK, CHEESE CULTURES, SALT, ENZYMES)"", ""SALT"", ""OAT FIBER"", ""NATURAL FLAVORS"", ""WHEY"", ""POTASSIUM SALT"", ""BUTTERMILK"", ""ROMANO CHEESE (MILK, CHEESE CULTURES, SALT, ENZYMES)"", ""WHEY PROTEIN CONCENTRATE"", ""ONION POWDER"", ""TOMATO POWDER"", ""CORN SYRUP SOLIDS"", ""SPICES"", ""CITRIC ACID"", ""GARLIC POWDER"", ""LACTIC ACID"", ""YEAST EXTRACT"", ""RED AND GREEN BELL PEPPERS"", ""SUGAR"", ""PAPRIKA EXTRACT (COLOR)"", ""VEGETABLE JUICE (COLOR)"", ""AND ANNATTO EXTRACT (COLOR)""]","{""serving_size"": ""About 10 chips (28g)"", ""servings_per_container"": ""7"", ""calories"": ""150"", ""total_fat"": ""8g"", ""saturated_fat"": ""1.5g"", ""trans_fat"": ""0g"", ""cholesterol"": ""less than 5mg"", ""sodium"": ""150mg"", ""total_carbohydrate"": ""8g"", ""dietary_fiber"": ""1g"", ""total_sugars"": ""0g"", ""protein"": ""10g"", ""vitamin_d"": ""0mcg"", ""calcium"": ""380mg"", ""iron"": ""0.2mg"", ""potassium"": ""120mg""}",withheld_for_review,US-retailer-1,better-for-you,crisps-made-from-reconstituted-potato,7 oz,own-photography,,yes
021130306985,00021130306985,UPC-A,Fig Bars Original,Signature SELECT,"[""ENRICHED BLEACHED WHEAT FLOUR (WHEAT FLOUR, NIACIN, REDUCED IRON, THIAMIN MONONITRATE, RIBOFLAVIN, FOLIC ACID)"", ""HIGH FRUCTOSE CORN SYRUP"", ""FIGS"", ""CORN SYRUP"", ""SUGAR"", ""DEXTROSE"", ""PALM OIL"", ""YELLOW CORN FLOUR"", ""WHOLE WHEAT FLOUR"", ""SALT"", ""BAKING SODA"", ""PRESERVATIVES (POTASSIUM SORBATE, SODIUM BENZOATE [MOLD INHIBITOR])"", ""CARAMEL COLOR"", ""SOY LECITHIN"", ""CITRIC ACID"", ""NATURAL FLAVOR"", ""ORANGE OIL"", ""ANNATTO (COLOR)""]","{""serving_size"": ""2 cookies (28g)"", ""servings_per_container"": ""About 14"", ""calories"": ""100"", ""total_fat"": ""2g"", ""saturated_fat"": ""1g"", ""trans_fat"": ""0g"", ""cholesterol"": ""0mg"", ""sodium"": ""110mg"", ""total_carbohydrate"": ""20g"", ""dietary_fiber"": ""1g"", ""total_sugars"": ""11g"", ""added_sugars"": ""9g"", ""protein"": ""1g"", ""vitamin_d"": ""0mcg"", ""calcium"": ""10mg"", ""iron"": ""0.5mg"", ""potassium"": ""50mg""}",withheld_for_review,US-retailer-1,unhealthy,snacks,~392 g,own-photography,,yes
044000060114,00044000060114,UPC-A,Chocolate Sandwich Cookies,OREO,"[""UNBLEACHED ENRICHED FLOUR (WHEAT FLOUR, NIACIN, REDUCED IRON, THIAMINE MONONITRATE [VITAMIN B1], RIBOFLAVIN [VITAMIN B2], FOLIC ACID)"", ""SUGAR"", ""PALM OIL"", ""SOYBEAN AND/OR CANOLA OIL"", ""COCOA (PROCESSED WITH ALKALI)"", ""HIGH FRUCTOSE CORN SYRUP"", ""LEAVENING (BAKING SODA AND/OR CALCIUM PHOSPHATE)"", ""SALT"", ""SOY LECITHIN"", ""CHOCOLATE"", ""ARTIFICIAL FLAVOR""]","{""serving_size"": ""3 cookies (34g)"", ""servings_per_container"": ""about 11"", ""calories"": ""160"", ""total_fat"": ""7g"", ""saturated_fat"": ""2g"", ""trans_fat"": ""0g"", ""cholesterol"": ""0mg"", ""sodium"": ""130mg"", ""total_carbohydrate"": ""25g"", ""dietary_fiber"": ""less than 1g"", ""total_sugars"": ""14g"", ""added_sugars"": ""13g"", ""protein"": ""1g"", ""vitamin_d"": ""0mcg"", ""calcium"": ""10mg"", ""iron"": ""1.4mg"", ""potassium"": ""50mg""}",withheld_for_review,US-retailer-1,unhealthy,biscuit-cookie-vitamins-content-guaranteed,13.29 oz,own-photography,,yes
021130377084,00021130377084,UPC-A,Naturally & Artificially Flavored Cheese Balls,Signature SELECT,"[""CORN MEAL"", ""VEGETABLE OIL (CONTAINS ONE OR MORE OF THE FOLLOWING: CANOLA, CORN, COTTONSEED, SAFFLOWER, SOYBEAN, SUNFLOWER)"", ""CHEESE SEASONING (WHEY, CORN STARCH, CHEDDAR CHEESE [PASTEURIZED MILK, SALT, ANNATTO EXTRACT, CHEESE CULTURE, ENZYMES], MALTODEXTRIN, SALT, BUTTER [CREAM, WATER, SALT], NATURAL AND ARTIFICIAL FLAVOR, BUTTERMILK, MONOSODIUM GLUTAMATE, YELLOW #5, YELLOW #6, YELLOW LAKE #5)""]","{""serving_size"": ""1 oz (28g/about 48 balls)"", ""servings_per_container"": ""13"", ""calories"": ""140"", ""total_fat"": ""7g"", ""saturated_fat"": ""2g"", ""trans_fat"": ""0g"", ""cholesterol"": ""0mg"", ""sodium"": ""320mg"", ""total_carbohydrate"": ""17g"", ""dietary_fiber"": ""0g"", ""total_sugars"": ""3g"", ""includes_added_sugars"": ""0g"", ""protein"": ""2g"", ""vitamin_d"": ""0mcg"", ""calcium"": ""30mg"", ""iron"": ""0.2mg"", ""potassium"": ""90mg""}",withheld_for_review,US-retailer-1,better-for-you,cheese-puffs,~364 g,own-photography,,yes
02289106,00000002289106,UPC-E,Extra Peppermint Sugarfree Gum,Wrigley's Extra,"[""Sorbitol"", ""Gum Base"", ""Glycerol"", ""Natural and Artificial Flavors"", ""Hydrogenated Starch Hydrolysate"", ""Aspartame"", ""Mannitol"", ""Acesulfame K"", ""Soy Lecithin"", ""BHT (To Maintain Freshness)"", ""Blue 1 Lake""]","{""serving_size"": ""1 stick (2.5g)"", ""servings_per_container"": ""15"", ""calories"": ""5"", ""total_fat"": ""0g"", ""sodium"": ""0mg"", ""total_carbohydrate"": ""2g"", ""total_sugars"": ""0g"", ""includes_added_sugars"": ""0g"", ""sugar_alcohols"": ""2g"", ""protein"": ""0g""}",withheld_for_review,US-retailer-1,better-for-you,sugar-free-chewing-gum,15 sticks,own-photography,,yes
643843716686,00643843716686,UPC-A,Café Latte Protein Shake,Premier Protein,"[""Water"", ""Milk Protein Concentrate†"", ""Calcium Caseinate†"", ""Contains less than 1% of Cocoa Powder (processed with alkali)"", ""High Oleic Sunflower Oil"", ""Natural and Artificial Flavors"", ""Coffee Extract"", ""Caffeine"", ""Inulin"", ""Cellulose Gel and Cellulose Gum"", ""Salt"", ""Sucralose"", ""Acesulfame Potassium"", ""Carrageenan"", ""Tripotassium Phosphate"", ""Dipotassium Phosphate"", ""Sodium Hexametaphosphate"", ""Vitamin and Mineral Blend (Dl-alpha-tocopheryl Acetate [Vitamin E], Zinc Glycinate Chelate, Ferric Orthophosphate, Vitamin A Palmitate, Niacinamide, Phytonadione [Vitamin K1], Potassium Iodide, Cholecalciferol [Vitamin D3], Copper Gluconate, Calcium D-Pantothenate, Manganese Sulfate, Sodium Selenite, Biotin, Sodium Molybdate, Folic Acid, Thiamine Mononitrate [Vitamin B1], Cyanocobalamin [Vitamin B12], Pyridoxine Hydrochloride [Vitamin B6], Riboflavin [Vitamin B2], Chromium Polynicotinate)"", ""Magnesium Phosphate"", ""Sodium Ascorbate""]","{""serving_size"": ""1 portion (325.308 g)"", ""calories"": ""160"", ""total_fat"": ""3g"", ""saturated_fat"": ""1g"", ""trans_fat"": ""0g"", ""cholesterol"": ""65.1mg"", ""sodium"": ""846mg"", ""total_carbohydrate"": ""4g"", ""dietary_fiber"": ""3.25g"", ""total_sugars"": ""1g"", ""added_sugars"": ""0g"", ""protein"": ""30g"", ""vitamin_d"": ""19.5mcg"", ""calcium"": ""350mg"", ""iron"": ""1.8mg"", ""potassium"": ""260mg""}",withheld_for_review,Walmart,unhealthy,protein-shakes,11fl oz,openfoodfacts,https://world.openfoodfacts.org/product/643843716686,yes
00001977,00000000001977,UPC-E,Cracked Wheat Sourdough Bread,Trader Joe's,"[""UNBLEACHED ENRICHED FLOUR WHEAT FLOUR"", ""MALTED BARLEY FLOUR"", ""NIACIN"", ""IRON"", ""THIAMIN MONONITRATE"", ""RIBOFLAVIN"", ""FOLIC ACID]"", ""WATER"", ""SQURDOUGH STARTER"", ""(UNBLEACHED ENRICHED FLOUR"", ""WHEAT FLOUR"", ""MALTED BARLEY FLOUR"", ""NIACIN"", ""IRON"", ""THIAMIN"", ""MONONITRATE"", ""RIBOFLAVIN"", ""WATER)"", ""CRACKED WHEAT"", ""SALT""]","{""serving_size"": ""1 portion (52 g)"", ""calories"": ""120"", ""total_fat"": ""0.5g"", ""saturated_fat"": ""0g"", ""trans_fat"": ""0g"", ""cholesterol"": ""0mg"", ""sodium"": ""280mg"", ""total_carbohydrate"": ""24g"", ""dietary_fiber"": ""1g"", ""total_sugars"": ""0g"", ""added_sugars"": ""0g"", ""protein"": ""4g"", ""vitamin_d"": ""0mcg"", ""calcium"": ""10mg"", ""iron"": ""1.6mg"", ""potassium"": ""60mg""}",withheld_for_review,Trader Joe's,better-for-you,sourdough-breads,24 oz,openfoodfacts,https://world.openfoodfacts.org/product/00001977,yes
044000031138,00044000031138,UPC-A,fresh stacks the original,Ritz,"[""unbleached enriched flour (wheat flour, niacin, reduced iron, thiamine mononitrate {vitamin b1}, riboflavin {vitamin b2}, folic acid)"", ""canola oil"", ""palm oil"", ""sugar"", ""salt"", ""leavening (calcium phosphate and"", ""or baking soda)"", ""high fructose corn syrup"", ""soy lecithin"", ""natural flavor""]","{""serving_size"": ""5 crackers (16 g) (16 g)"", ""calories"": ""80"", ""total_fat"": ""4.5g"", ""saturated_fat"": ""1.5g"", ""trans_fat"": ""0g"", ""cholesterol"": ""0mg"", ""sodium"": ""130mg"", ""total_carbohydrate"": ""10g"", ""dietary_fiber"": ""0g"", ""total_sugars"": ""1g"", ""added_sugars"": ""1g"", ""protein"": ""1g"", ""vitamin_d"": ""0mcg"", ""calcium"": ""20mg"", ""iron"": ""0.5mg"", ""potassium"": ""10mg""}",withheld_for_review,Target,unhealthy,crackers-appetizers,11.8oz,openfoodfacts,https://world.openfoodfacts.org/product/044000031138,yes
4099100252903,04099100252903,EAN-13,THIN-SLICED GRAINTASTIC BREAD,Simply Nature,"[""organic whole wheat (organic whole wheat flour, organic cracked whole wheat)"", ""water"", ""organic cane sugar"", ""organic whole grain and seed mix (organic whole flax seeds, organic ground flax seeds, organic sunflower seeds, organic sesame seeds, organic pumpkin seeds, organic black sesame seeds, organic millet, organic rolled oats, organic rolled barley, organic rolled rye, organic rolled whole wheat, organic rolled spelt, organic quinoa, organic triticale flour, organic amaranth flour, organic yellow corn flour, organic khorasan wheat flour, organic buckwheat flour, organic purple corn flour, organic brown rice flour, organic sorghum flour)"", ""organic vital wheat gluten"", ""cultured wheat flour"", ""yeast"", ""sea salt"", ""organic oat fiber"", ""wheat fiber"", ""organic camu camu powder""]","{""serving_size"": ""1 slice (28 g)"", ""calories"": ""70"", ""total_fat"": ""1g"", ""saturated_fat"": ""0.5g"", ""trans_fat"": ""0g"", ""cholesterol"": ""0mg"", ""sodium"": ""100mg"", ""total_carbohydrate"": ""13g"", ""dietary_fiber"": ""2g"", ""total_sugars"": ""3g"", ""added_sugars"": ""3g"", ""protein"": ""3g"", ""vitamin_d"": ""0mcg"", ""calcium"": ""13mg"", ""iron"": ""1mg"", ""potassium"": ""67mg""}",withheld_for_review,Aldi,better-for-you,breads,"20.4 OZ, 581 G",openfoodfacts,https://world.openfoodfacts.org/product/4099100252903,yes
856312002795,00856312002795,UPC-A,Chocolate Reduced Fat Ultra-filtered milk,fairlife,"[""REDUCED FAT ULTRA-FILTERED MILK"", ""SUGAR"", ""ALKALIZED COCOA"", ""LACTASE ENZYME"", ""DIPOTASSIUM PHOSPHATE"", ""SALT"", ""ACESULFAME POTASSIUM"", ""CARRAGEENAN"", ""NATURAL AND ARTIFICIAL FLAVORS"", ""SUCRALOSE"", ""VITAMIN A PALMITATE"", ""VITAMIN D3. CONTAINS MILK""]","{""serving_size"": ""1 serving (240 ml)"", ""calories"": ""140"", ""total_fat"": ""4.5g"", ""saturated_fat"": ""3g"", ""trans_fat"": ""0g"", ""cholesterol"": ""20mg"", ""sodium"": ""280mg"", ""total_carbohydrate"": ""13g"", ""dietary_fiber"": ""1g"", ""total_sugars"": ""12g"", ""added_sugars"": ""6g"", ""protein"": ""13g"", ""vitamin_d"": ""0mcg"", ""calcium"": ""380mg"", ""iron"": ""1mg"", ""potassium"": ""550mg""}",withheld_for_review,Kroger,better-for-you,Chocolate reduced milk,52 fl oz,openfoodfacts,https://world.openfoodfacts.org/product/856312002795,yes
096619756803,00096619756803,UPC-A,Purified Drinking Water,Kirkland Signature,"[""Purified Water"", ""Potassium Bicarbonate"", ""Sodium Bicarbonate"", ""Calcium Citrate"", ""Sodium Chloride"", ""Magnesium Oxide""]","{""serving_size"": ""1 Bottle (16.9 fl oz)"", ""calories"": ""0"", ""total_fat"": ""0g"", ""saturated_fat"": ""0g"", ""trans_fat"": ""0g"", ""cholesterol"": ""0mg"", ""sodium"": ""1mg"", ""total_carbohydrate"": ""0g"", ""dietary_fiber"": ""0g"", ""total_sugars"": ""0g"", ""added_sugars"": ""0g"", ""protein"": ""0g"", ""vitamin_d"": ""0mcg"", ""calcium"": ""1mg"", ""iron"": ""0mg"", ""potassium"": ""1mg""}",withheld_for_review,Costco,better-for-you,unsweetened-beverages,500 mL,openfoodfacts,https://world.openfoodfacts.org/product/096619756803,yes
813636023844,00813636023844,UPC-A,Organic Almond Creamer Brown Sugar,Califia Farms,"[""organic almondmilk (water, organic almonds)"", ""organic brown sugar"", ""baking soda"", ""organic natural flavor""]","{""serving_size"": ""1 portion (15 ml)"", ""calories"": ""20"", ""total_fat"": ""0g"", ""saturated_fat"": ""0g"", ""trans_fat"": ""0g"", ""cholesterol"": ""0mg"", ""sodium"": ""10mg"", ""total_carbohydrate"": ""3g"", ""dietary_fiber"": ""0g"", ""total_sugars"": ""3g"", ""added_sugars"": ""3g"", ""protein"": ""0g""}",withheld_for_review,Wegmans,better-for-you,creamer,25.4 fl oz (750 mL),openfoodfacts,https://world.openfoodfacts.org/product/813636023844,yes
738912022413,00738912022413,UPC-A,"Country Fried Beef Steak with Signature, Homestyle Mashed Potatoes & Country-Style Gravy",Boston Market,"[""Water"", ""cooked country fried breaded beef steak (beef, enriched bleached wheat flour [enriched with niacin, ferrous sulfate, thiamine mononitrate, riboflavin, folic acid], bleached wheat flour, water, contains less than 1.5% of the following: modified corn starch, salt, spices, sodium phosphates, buttermilk product [sweet cream, whey cream], wheat gluten, oleoresin paprika, sugar, yellow corn flour, dextrose, yeast, onion powder, leavening (sodium acid pyrophosphate, sodium bicarbonate), soybean oil, dried whey, mono and diglycerides, spice extractive, leavening [sodium aluminum phosphate, sodium bicarbonate], buttermilk flavor [cultured buttermilk, maltodextrin, citric acid, salt], citric acid. cooked in vegetable oil.)"", ""half and half (milk, cream)"", ""potato flakes and granules (potatoes, mono and diglycerides, sodium acid pyrophosphate, citric acid, freshness preserved with sodium bisulfite, bha and bht)"", ""less than 2% of modified food starch"", ""milk solids (cream, milkfat, nonfat milk)"", ""chicken base (chicken meat and concentrated chicken stock, salt, sugar, dried whey, rendered chicken fat, corn syrup solids, yeast extract, natural flavor, citric acid, extractives of turmeric)"", ""canola oil"", ""salt"", ""wheat flour"", ""spices"", ""granulated garlic""]","{""serving_size"": ""1 PACKAGE (374 g)"", ""calories"": ""490"", ""total_fat"": ""26g"", ""saturated_fat"": ""11g"", ""trans_fat"": ""0g"", ""cholesterol"": ""70mg"", ""sodium"": ""1190mg"", ""total_carbohydrate"": ""45g"", ""dietary_fiber"": ""2g"", ""total_sugars"": ""5g"", ""added_sugars"": ""0g"", ""protein"": ""18g"", ""vitamin_d"": ""0mcg"", ""calcium"": ""0mg"", ""iron"": ""0mg"", ""potassium"": ""0mg""}",withheld_for_review,Sam's Club,unhealthy,meats,374 g,openfoodfacts,https://world.openfoodfacts.org/product/738912022413,yes
028400770590,00028400770590,UPC-A,Nacho Cheese Flavored Doritos,Doritos,"[""Corn"", ""vegetable oil (corn, canola, soybean, and"", ""or sunflower oil)"", ""corn maltodextrin"", ""cheddar cheese (milk, cheese cultures, salt, enzymes)"", ""salt"", ""whey"", ""monosodium glutamate"", ""buttermilk"", ""Romano cheese (milk, cheese cultures, salt, enzymes)"", ""whey protein concentrate"", ""onion powder"", ""potassium salt"", ""corn flour"", ""natural & artificial flavors"", ""dextrose"", ""tomato powder"", ""lactose"", ""spices"", ""artificial color (Yellow 6, Yellow 5, Red 40)"", ""lactic acid"", ""citric acid"", ""sugar"", ""garlic powder"", ""skim milk"", ""red and green bell peppers"", ""disodium inosinate"", ""disodium guanylate""]","{""serving_size"": ""1 serving (28 g)"", ""calories"": ""150"", ""total_fat"": ""8g"", ""saturated_fat"": ""8g"", ""sodium"": ""170mg"", ""total_carbohydrate"": ""17g"", ""dietary_fiber"": ""1g"", ""total_sugars"": ""2g"", ""added_sugars"": ""0.12g"", ""protein"": ""2g"", ""calcium"": ""50mg"", ""iron"": ""0.3mg"", ""potassium"": ""100mg""}",withheld_for_review,Meijer,unhealthy,corn-chips,74.4 g,openfoodfacts,https://world.openfoodfacts.org/product/028400770590,yes
842379188794,00842379188794,UPC-A,Grilled Chicken Fettuccine Alfredo,Whole Foods Market,"[""ALFREDO SAUCE (WHOLE MILK [MILK, VITAMIN D3], PASTEURIZED HEAVY CREAM, WATER, GRATED PECORINO ROMANO CHEESE [PASTEURIZED SHEEP'S MILK, CHEESE CULTURE, SALT, RENNET, CELLULOSE POWDER {TO PREVENT CAKING}], GRATED PARMESAN CHEESE [PASTEURIZED PART-SKIM MILK, CHEESE CULTURE, SALT, ENZYMES, POWDERED CELLULOSE {TO PREVENT CAKING}], UNSALTED BUTTER [CREAM, NATURAL FLAVOR], CORNSTARCH, RICE STARCH, SEA SALT, BLACK PEPPER)"", ""COOKED FETTUCCINE PASTA (WATER, ENRICHED FETTUCCINE PASTA [UNBLEACHED DURUM WHEAT SEMOLINA, NIACIN, IRON, THIAMINE MONONITRATE, RIBOFLAVIN, FOLIC ACID], SAFFLOWER OIL)"", ""GRILLED CHICKEN STRIPS (CHICKEN BREAST MEAT WITH RIB MEAT, WATER, CONTAINS LESS THAN 2% OF THE FOLLOWING: LEMON JUICE CONCENTRATE, VINEGAR, SALT, RICE STARCH, BLACK PEPPER)"", ""BROCCOLI FLORETS"", ""GRATED PARMESAN CHEESE (PASTEURIZED PART-SKIM MILK, CHEESE CULTURE, SALT, ENZYMES, POWDERED CELLULOSE [TO PREVENT CAKING])"", ""GRATED PECORINO ROMANO CHEESE (PASTEURIZED SHEEP'S MILK, CHEESE CULTURE, SALT, RENNET, CELLULOSE POWDER [TO PREVENT CAKING])"", ""PARSLEY. CONTAINS MILK AND WHEAT INGREDIENTS""]","{""serving_size"": ""1 container (340 g)"", ""calories"": ""580"", ""total_fat"": ""30g"", ""saturated_fat"": ""17g"", ""trans_fat"": ""1g"", ""cholesterol"": ""135mg"", ""sodium"": ""1040mg"", ""total_carbohydrate"": ""44g"", ""dietary_fiber"": ""5g"", ""total_sugars"": ""5g"", ""added_sugars"": ""0g"", ""protein"": ""32g"", ""vitamin_d"": ""1.1mcg"", ""calcium"": ""370mg"", ""iron"": ""2.9mg"", ""potassium"": ""670mg""}",withheld_for_review,Whole Foods Market,unhealthy,Chicken-fettuccine-alfredo,"1 container, 12oz",openfoodfacts,https://world.openfoodfacts.org/product/842379188794,yes
854208005080,00854208005080,UPC-A,Apple Celery Cucumber Kale Collards Lemon Juice,suja ORGANIC,"[""Apple juice"", ""celery juice"", ""cucumber juice"", ""kale juice"", ""collard greens juice"", ""lemon juice"", ""tea (purified water, peppermint tea leaf, spearmint tea leaf)"", ""ginger juice"", ""spinach juice"", ""spirulina powder"", ""chlorella powder"", ""barley grass powder""]","{""serving_size"": ""1 portion (354 ml)"", ""calories"": ""90"", ""total_fat"": ""0g"", ""sodium"": ""75mg"", ""total_carbohydrate"": ""20g"", ""total_sugars"": ""18g"", ""added_sugars"": ""0g"", ""protein"": ""2g"", ""calcium"": ""50mg"", ""potassium"": ""380mg""}",withheld_for_review,Sprouts Farmers Market,better-for-you,plant-based-beverages,12 fl oz,openfoodfacts,https://world.openfoodfacts.org/product/854208005080,yes
748404287947,00748404287947,UPC-A,Organic Quinoa & Brown Rice with Garlic,Seeds of Change,"[""WATER"", ""WHOLE GRAIN BROWN RICE"", ""BLEND OF WHOLE GRAIN QUINOA (WHOLE GRAIN RED QUINOA, WHOLE GRAIN BLACK QUINOA)"", ""SUNFLOWER OIL"", ""SEA SALT"", ""GARLIC POWDER"", ""DEHYDRATED GARLIC"", ""ONION POWDER"", ""MINCED GARLIC"", ""PARSLEY"", ""BLACK PEPPER""]","{""serving_size"": ""1 Pouch (240 g)"", ""calories"": ""672"", ""total_fat"": ""10.8g"", ""saturated_fat"": ""1.2g"", ""trans_fat"": ""0g"", ""cholesterol"": ""0mg"", ""sodium"": ""864mg"", ""total_carbohydrate"": ""127g"", ""dietary_fiber"": ""12g"", ""total_sugars"": ""0g"", ""added_sugars"": ""0g"", ""protein"": ""12g"", ""vitamin_d"": ""0mcg"", ""calcium"": ""24mg"", ""iron"": ""2.16mg"", ""potassium"": ""432mg""}",withheld_for_review,Walmart,better-for-you,quinoa-dishes,2,openfoodfacts,https://world.openfoodfacts.org/product/748404287947,yes
00592482,00000000592482,UPC-E,Classic Hummus,Trader Joe's,"[""ORGANIC STEAMED CHICK PEAS"", ""WATER"", ""ORGANIC SESAME TAHINI"", ""ORGANIC SUNFLOWER OIL"", ""ORGANIC EXTRA VIRGIN OLIVE OIL"", ""ORGANIC GARLIC"", ""SEA SALT"", ""ORGANIC LEMON JUICE"", ""ORGANIC CUMIN""]","{""serving_size"": ""2 tbsp (28 g)"", ""calories"": ""70"", ""total_fat"": ""5g"", ""saturated_fat"": ""1g"", ""sodium"": ""120mg"", ""total_carbohydrate"": ""4g"", ""dietary_fiber"": ""1g"", ""total_sugars"": ""0g"", ""added_sugars"": ""0g"", ""protein"": ""2g"", ""iron"": ""0mg""}",withheld_for_review,Trader Joe's,better-for-you,Groceries,8 oz,openfoodfacts,https://world.openfoodfacts.org/product/00592482,yes
013764027138,00013764027138,UPC-A,Thin-sliced 21 Whole Grains And Seeds Organic Bread,Dave’s Killer Bread,"[""ORGANIC WHOLE WHEAT (ORGANIC WHOLE WHEAT FLOUR, ORGANIC CRACKED WHOLE WHEAT)"", ""WATER"", ""ORGANIC CANE SUGAR"", ""ORGANIC 21 WHOLE GRAINS AND SEEDS MIX (ORGANIC WHOLE FLAX SEEDS, ORGANIC SUNFLOWER SEEDS, ORGANIC GROUND WHOLE FLAX SEEDS, ORGANIC BROWN SESAME SEEDS, ORGANIC TRITICALE, ORGANIC PUMPKIN SEEDS, ORGANIC ROLLED BARLEY, ORGANIC ROLLED OATS, ORGANIC ROLLED RYE, ORGANIC BLACK SESAME SEEDS, ORGANIC BLUE CORNMEAL, ORGANIC MILLET, ORGANIC ROLLED SPELT, ORGANIC BROWN RICE FLOUR, ORGANIC AMARANTH FLOUR, ORGANIC YELLOW CORNMEAL, ORGANIC KAMUT® KHORASAN WHEAT, ORGANIC QUINOA, ORGANIC BUCKWHEAT FLOUR, ORGANIC SORGHUM FLOUR, ORGANIC POPPY SEEDS)"", ""ORGANIC OAT FIBER"", ""ORGANIC WHEAT GLUTEN"", ""CONTAINS 2% OR LESS OF EACH OF THE FOLLOWING: ORGANIC MOLASSES"", ""SEA SALT"", ""YEAST"", ""ORGANIC VINEGAR"", ""ORGANIC CULTURED WHEAT FLOUR"", ""ENZYMES"", ""ORGANIC ACEROLA CHERRY POWDER""]","{""serving_size"": ""28.0g"", ""calories"": ""60"", ""total_fat"": ""1g"", ""saturated_fat"": ""0g"", ""trans_fat"": ""0g"", ""cholesterol"": ""0mg"", ""sodium"": ""105mg"", ""total_carbohydrate"": ""13g"", ""dietary_fiber"": ""2g"", ""total_sugars"": ""3g"", ""added_sugars"": ""2.9g"", ""protein"": ""3g"", ""vitamin_d"": ""0mcg"", ""calcium"": ""20mg"", ""iron"": ""0.7mg"", ""potassium"": ""60mg""}",withheld_for_review,Target,better-for-you,multigrain-sliced-breads,20.5 oz,openfoodfacts,https://world.openfoodfacts.org/product/013764027138,yes
4061462405754,04061462405754,EAN-13,Frosted Shredded Wheat Bite Size Sweetened Whole Grain Cereal,Millville,"[""whole grain wheat"", ""sugar"", ""gelatin"", ""freshness preserved with vitamin e (mixed tocopherols)"", ""vitamins and minerals: reduced iron"", ""folic acid"", ""niacinamide (vitamin b3)"", ""calcium pantothenate (a b vitamin)"", ""thiamin mononitrate (vitamin b1)"", ""pyridoxine hydrochloride (vitamin b6)"", ""contains: wheat"", ""15% 25% 15% 10% 15% 20% aldi twice as nice guarantee item replaced money refunded""]","{""serving_size"": ""21 biscuits (60 g)"", ""calories"": ""210"", ""total_fat"": ""1g"", ""sodium"": ""10mg"", ""total_carbohydrate"": ""50g"", ""dietary_fiber"": ""6g"", ""total_sugars"": ""12g"", ""added_sugars"": ""12g"", ""protein"": ""5g"", ""calcium"": ""20mg"", ""iron"": ""9mg"", ""potassium"": ""180mg""}",withheld_for_review,Aldi,better-for-you,cereal-flakes,18 oz,openfoodfacts,https://world.openfoodfacts.org/product/4061462405754,yes
047495013054,00047495013054,UPC-A,FIG BAR Raspberry,NATURE'S BAKERY,"[""Stone ground whole wheat flour"", ""dried cane sugar"", ""fig paste"", ""brown rice syrup"", ""raspberry paste [naturally milled sugar, dried cane sugar, glycerin, rice starch, raspberries, apple powder, natural flavor, pectin, citric acid, locust bean gum, red cabbage e""]","{""serving_size"": ""1 portion (57 g)"", ""calories"": ""200"", ""total_fat"": ""5g"", ""saturated_fat"": ""0g"", ""trans_fat"": ""0g"", ""cholesterol"": ""0mg"", ""sodium"": ""75mg"", ""total_carbohydrate"": ""38g"", ""dietary_fiber"": ""3g"", ""total_sugars"": ""19g"", ""added_sugars"": ""14g"", ""protein"": ""3g"", ""vitamin_d"": ""3.42mcg"", ""calcium"": ""1.14mg"", ""iron"": ""1mg""}",withheld_for_review,Kroger,better-for-you,Snacks-sucrés,57 g,openfoodfacts,https://world.openfoodfacts.org/product/047495013054,yes
815074022809,00815074022809,UPC-A,Classic Mayo,Chosen Foods,"[""AVOCADO OIL"", ""FILTERED WATER"", ""EGG YOLKS"", ""WHOLE EGGS"", ""DISTILLED VINEGAR"", ""MUSTARD (WATER, MUSTARD SEEDS, DISTILLED VINEGAR, SALT)"", ""SALT"", ""ROSEMARY EXTRACT""]","{""serving_size"": ""30 g"", ""calories"": ""214"", ""total_fat"": ""22.1g"", ""saturated_fat"": ""2.73g"", ""trans_fat"": ""0g"", ""cholesterol"": ""30.2mg"", ""sodium"": ""99.5mg"", ""total_carbohydrate"": ""0.03g"", ""dietary_fiber"": ""0g"", ""total_sugars"": ""0g"", ""added_sugars"": ""0g"", ""protein"": ""0.54g"", ""iron"": ""0mg""}",withheld_for_review,Costco,better-for-you,Mayonnaise-made-with-avocado-oil,946 ml,openfoodfacts,https://world.openfoodfacts.org/product/815074022809,yes
077890262214,00077890262214,UPC-A,Hummus,Wegmans,"[""Chickpeas"", ""Filtered Water"", ""Tahini"", ""Olive Oil"", ""Garlic"", ""Sea Salt"", ""Citric Acid"", ""Cayenne""]","{""serving_size"": ""2 tbsp (30 g)"", ""calories"": ""70"", ""total_fat"": ""4g"", ""saturated_fat"": ""0.5g"", ""trans_fat"": ""0g"", ""cholesterol"": ""0mg"", ""sodium"": ""95mg"", ""total_carbohydrate"": ""6g"", ""dietary_fiber"": ""2g"", ""total_sugars"": ""1g"", ""protein"": ""3g""}",withheld_for_review,Wegmans,better-for-you,hummus,32 oz,openfoodfacts,https://world.openfoodfacts.org/product/077890262214,yes
072180634733,00072180634733,UPC-A,Classic Crust Pepperoni Pizza,Red Baron,"[""TOMATOES (WATER, TOMATO PASTE)"", ""ENRICHED FLOUR (WHEAT FLOUR, MALTED BARLEY FLOUR, NIACIN, REDUCED IRON, THIAMINE MONONITRATE, RIBOFLAVIN, FOLIC ACID)"", ""LOW MOISTURE PART SKIM MOZZARELLA CHEESE (PART SKIM MILK, CHEESE CULTURES, SALT, ENZYMES)"", ""PEPPERONI MADE WITH PORK"", ""CHICKEN AND BEEF (PORK, MECHANICALLY SEPARATED CHICKEN, BEEF, SALT, DEXTROSE, LACTIC ACID STARTER CULTURE, FLAVORING, SODIUM NITRITE, BHA, BHT, CITRIC ACID, SPICES, WATER, PAPRIKA, OLEORESIN OF PAPRIKA, SPICE EXTRACTIVES, SMOKE FLAVORING, SODIUM ASCORBATE, ASCORBIC ACID, BEEF STOCK)"", ""WATER"", ""YEAST"", ""PALM OIL"", ""VEGETABLE OIL (SOYBEAN, CANOLA AND"", ""OR HIGH OLEIC SOYBEAN OIL, SUGAR, SALT, MODIFIED FOOD STARCH, SPICE, MALTODEXTRIN, SEA SALT, DRIED GARLIC, HYDROLYZED SOY AND CORN PROTEIN, PAPRIKA, DRIED ONION, DOUGH CONDITIONERS (CONTAINS ONE OR MORE OF WHEAT STARCH, AMMONIUM SULFATE, L-CYSTEINE HYDROCHLORIDE, ENZYMES, ASCORBIC ACID), NATURAL FLAVOR, SOY LECITHIN Contains: WHEAT, MILK, AND SOY No ingredients found""]","{""serving_size"": ""0.25 pizza (146 g)"", ""calories"": ""380"", ""total_fat"": ""17g"", ""saturated_fat"": ""8g"", ""trans_fat"": ""0g"", ""cholesterol"": ""40mg"", ""sodium"": ""790mg"", ""total_carbohydrate"": ""40g"", ""dietary_fiber"": ""2g"", ""total_sugars"": ""8g"", ""added_sugars"": ""1g"", ""protein"": ""14g"", ""vitamin_d"": ""0mcg"", ""calcium"": ""240mg"", ""iron"": ""2.6mg"", ""potassium"": ""340mg""}",withheld_for_review,Sam's Club,unhealthy,pizzas,583 g,openfoodfacts,https://world.openfoodfacts.org/product/072180634733,yes
039400015949,00039400015949,UPC-A,Homestyle Baked Beans,Bush's Best,"[""prepared white beans"", ""water"", ""brown sugar"", ""sugar"", ""tomato paste"", ""bacon"", ""salt"", ""mustard (water, vinegar, mustard seed, salt, turmeric, spices)"", ""modified corn starch"", ""onion powder"", ""spiced"", ""extractive of paprika"", ""garlic powder"", ""natural flavor""]","{""serving_size"": ""130 g"", ""calories"": ""150"", ""total_fat"": ""1g"", ""saturated_fat"": ""0g"", ""trans_fat"": ""0g"", ""cholesterol"": ""0mg"", ""sodium"": ""559mg"", ""total_carbohydrate"": ""29g"", ""dietary_fiber"": ""5g"", ""total_sugars"": ""12g"", ""added_sugars"": ""11g"", ""protein"": ""6g"", ""calcium"": ""40mg"", ""iron"": ""1.9mg""}",withheld_for_review,Meijer,unhealthy,canned-common-beans,28oz (1lb 12 oz) 794 g,openfoodfacts,https://world.openfoodfacts.org/product/039400015949,yes
698997809166,00698997809166,UPC-A,"Udi's, soft & hearty whole grain bread",Pinnacle Foods Group Llc,"[""water"", ""tapioca starch"", ""brown rice flour"", ""canola oil"", ""egg whites"", ""potato starch"", ""driedcane syrup"", ""tapioca maltodextrin"", ""tapioca syrup"", ""modified food starch"", ""yeast"", ""flax seed"", ""sugarcane fiber"", ""salt"", ""gum (xanthan gum, sodium alginate, guar gum)"", ""amaranth flour"", ""sorghum flour"", ""teff flour"", ""locust bean gum"", ""cultured brown rice"", ""brown rice and enzymes""]","{""serving_size"": ""2 SLICES (49 g)"", ""calories"": ""140"", ""total_fat"": ""4g"", ""saturated_fat"": ""0g"", ""trans_fat"": ""0g"", ""cholesterol"": ""0mg"", ""sodium"": ""290mg"", ""total_carbohydrate"": ""24g"", ""dietary_fiber"": ""2.01g"", ""total_sugars"": ""2g"", ""added_sugars"": ""0.09g"", ""protein"": ""4g"", ""calcium"": ""20.1mg"", ""iron"": ""0.36mg""}",withheld_for_review,Whole Foods Market,better-for-you,Gain products,7 servings,openfoodfacts,https://world.openfoodfacts.org/product/698997809166,yes
856904000376,00856904000376,UPC-A,Organic Yogurt Plain,Verka,"[""Grade A Pasteurized Organic Cultured Whole Milk"", ""Organic Nonfat Milk. Contains Milk. Walue* Contains Live Active Cultures: (S. thermophi - lus, L. bulgaricus, L. casei, B. lactis, L. 10% acidophilus, L. rhamnosus, L. lactis ssp. cremoris, L. lactis diacetylactis, L. mesentreroi - 25% des & L. delbrueckii)""]","{""serving_size"": ""1 cup (227 g)"", ""calories"": ""170"", ""total_fat"": ""8g"", ""saturated_fat"": ""5g"", ""trans_fat"": ""0g"", ""cholesterol"": ""30mg"", ""sodium"": ""150mg"", ""total_carbohydrate"": ""15g"", ""dietary_fiber"": ""0g"", ""total_sugars"": ""15g"", ""added_sugars"": ""0g"", ""protein"": ""10g"", ""vitamin_d"": ""0mcg"", ""calcium"": ""365mg"", ""iron"": ""0mg"", ""potassium"": ""480mg""}",withheld_for_review,Sprouts Farmers Market,better-for-you,yogurts,2 kg,openfoodfacts,https://world.openfoodfacts.org/product/856904000376,yes
180999001001,00180999001001,UPC-A,Popcorn Himalayan Pink Salt,Lesser Evil,"[""Organic non-GMO popcorn"", ""organic extra-virgin coconut oil"", ""Himalayan salt contains coconut""]","{""serving_size"": ""1 portion (28 g)"", ""calories"": ""120"", ""total_fat"": ""6g"", ""saturated_fat"": ""5g"", ""trans_fat"": ""0g"", ""cholesterol"": ""0mg"", ""sodium"": ""190mg"", ""total_carbohydrate"": ""14g"", ""dietary_fiber"": ""4g"", ""total_sugars"": ""0g"", ""added_sugars"": ""0g"", ""protein"": ""2g"", ""vitamin_d"": ""0mcg"", ""calcium"": ""3mg"", ""iron"": ""1mg"", ""potassium"": ""72mg""}",withheld_for_review,Walmart,better-for-you,popcorn,5 oz,openfoodfacts,https://world.openfoodfacts.org/product/180999001001,yes
00907019,00000000907019,short-code-unverified,Pita Bite Crackers,Trader Joe's,"[""enriched unbleached wheat flour (flour, niacin, reduced iron, thiamine mononitrate, riboflavin, folic acid)"", ""water"", ""yeast"", ""sunflower oil"", ""sea salt"", ""dough conditioner (wheat starch, ascorbic acid [vitamin c])""]","{""serving_size"": ""11 crackers (30 g)"", ""calories"": ""130"", ""total_fat"": ""4g"", ""saturated_fat"": ""0g"", ""trans_fat"": ""0g"", ""cholesterol"": ""0mg"", ""sodium"": ""150mg"", ""total_carbohydrate"": ""20g"", ""dietary_fiber"": ""1g"", ""total_sugars"": ""1g"", ""added_sugars"": ""0g"", ""protein"": ""3g"", ""vitamin_d"": ""0mcg"", ""calcium"": ""10mg"", ""iron"": ""1.3mg"", ""potassium"": ""40mg""}",withheld_for_review,Trader Joe's,better-for-you,crackers-appetizers,6 oz,openfoodfacts,https://world.openfoodfacts.org/product/00907019,yes
013764027121,00013764027121,UPC-A,ORGANIC BREAD GOOD SEED THIN-SLICED,DAVE'S KILLER BREAD,"[""organic whole wheat (organic whole wheat flour, organic cracked whole wheat)"", ""water"", ""organic good seed grain and seed mix (organic whole flax seeds, organic sunflower seeds, organic tri-color quinoa [organic black quinoa, organic red quinoa, organic white quinoa] organic steel cut oats, organic ground whole flax seeds)"", ""organic cane sugar"", ""organic wheat gluten"", ""organic oat fiber"", ""contains 2% or less of each of the following: organic molasses"", ""sea salt"", ""yeast"", ""organic vinegar"", ""organic cultured wheat flour"", ""enzymes"", ""organic acerola cherry powder""]","{""serving_size"": ""1 portion (28 g)"", ""calories"": ""70"", ""total_fat"": ""1.5g"", ""saturated_fat"": ""0g"", ""trans_fat"": ""0g"", ""cholesterol"": ""0mg"", ""sodium"": ""120mg"", ""total_carbohydrate"": ""13g"", ""dietary_fiber"": ""3g"", ""total_sugars"": ""2g"", ""added_sugars"": ""2g"", ""protein"": ""4g"", ""vitamin_d"": ""0mcg"", ""calcium"": ""20mg"", ""iron"": ""0.7mg"", ""potassium"": ""70mg""}",withheld_for_review,Target,better-for-you,multigrain-sliced-breads,20.5 oz,openfoodfacts,https://world.openfoodfacts.org/product/013764027121,yes
4099100131901,04099100131901,EAN-13,Cottage Cheese,Friendly Farms,"[""SKIM MILK"", ""MILK"", ""CREAM"", ""LACTOSE"", ""SALT"", ""STABILIZER (GUAR GUM, MONO AND DIGLYCERIDES, XANTHAN GUM, CARRAGEENAN, CAROB BEAN GUM)"", ""CITRIC ACID"", ""CARBON DIOXIDE AND POTASSIUM SORBATE (MAINTAIN FRESHNESS) AND CHEESE CULTURES""]","{""serving_size"": ""0.5 cup (114 g)"", ""calories"": ""100"", ""total_fat"": ""4.5g"", ""saturated_fat"": ""3g"", ""trans_fat"": ""0g"", ""cholesterol"": ""25mg"", ""sodium"": ""480mg"", ""total_carbohydrate"": ""5g"", ""dietary_fiber"": ""0g"", ""total_sugars"": ""4g"", ""added_sugars"": ""1g"", ""protein"": ""11g"", ""vitamin_d"": ""0mcg"", ""calcium"": ""80mg"", ""iron"": ""0.1mg"", ""potassium"": ""80mg""}",withheld_for_review,Aldi,better-for-you,plain-cottage-cheeses,24oz,openfoodfacts,https://world.openfoodfacts.org/product/4099100131901,yes
033776011710,00033776011710,UPC-A,Plant Butter,Earth Balance,"[""oil blend (palm oil*, soybean oil*, canola oil*, and olive* oil)"", ""water"", ""salt"", ""less than 2% of natural flavor*"", ""crushed soybeans*"", ""soy lecithin*"", ""lactic acid (non-dairy)"", ""and naturally extracted annatto* (color)""]","{""serving_size"": ""1 Tbsp (11 g)"", ""calories"": ""62.9"", ""total_fat"": ""9g"", ""saturated_fat"": ""2.5g"", ""trans_fat"": ""0g"", ""cholesterol"": ""0mg"", ""sodium"": ""100mg"", ""total_carbohydrate"": ""0g"", ""total_sugars"": ""0g"", ""added_sugars"": ""0g"", ""protein"": ""0g"", ""iron"": ""0mg""}",withheld_for_review,Kroger,better-for-you,margarines,13 oz,openfoodfacts,https://world.openfoodfacts.org/product/033776011710,yes
810019600302,00810019600302,UPC-A,crispy coconut rolls,Organic,"[""Organic Coconut Milk"", ""Organic Tapioca Flour"", ""Organic Sugar"", ""Organic Coconut Sugar"", ""Organic Egg"", ""Organic Black Sesame Seeds"", ""Salt""]","{""serving_size"": ""9 rolls (30 g)"", ""calories"": ""140"", ""total_fat"": ""5g"", ""saturated_fat"": ""4.5g"", ""trans_fat"": ""0g"", ""cholesterol"": ""0mg"", ""sodium"": ""100mg"", ""total_carbohydrate"": ""23g"", ""dietary_fiber"": ""0g"", ""total_sugars"": ""7g"", ""added_sugars"": ""2g"", ""protein"": ""0g"", ""vitamin_d"": ""0mcg"", ""calcium"": ""10mg"", ""iron"": ""0.3mg"", ""potassium"": ""40mg""}",withheld_for_review,Costco,better-for-you,snacks,312g,openfoodfacts,https://world.openfoodfacts.org/product/810019600302,yes
077890941775,00077890941775,UPC-A,salted butter sweet cream,Wegmans,"[""pasteurized cream"", ""salt""]","{""serving_size"": ""1 portion (14 g)"", ""calories"": ""100"", ""total_fat"": ""11g"", ""saturated_fat"": ""7g"", ""trans_fat"": ""0g"", ""cholesterol"": ""30mg"", ""sodium"": ""90mg"", ""total_carbohydrate"": ""0g"", ""added_sugars"": ""0g"", ""protein"": ""0g""}",withheld_for_review,Wegmans,better-for-you,salted-butters,16 oz,openfoodfacts,https://world.openfoodfacts.org/product/077890941775,yes
632565000029,00632565000029,UPC-A,Natural Artesian Water,Fiji,"[""Water"", ""silica"", ""calcium"", ""magnesium"", ""bicarbonates""]","{""serving_size"": ""1 bottle (1000 ml)"", ""calories"": ""0"", ""total_fat"": ""0g"", ""sodium"": ""900mg"", ""total_carbohydrate"": ""0g"", ""added_sugars"": ""0g"", ""protein"": ""0g""}",withheld_for_review,Sam's Club,better-for-you,mineral-waters,1 L,openfoodfacts,https://world.openfoodfacts.org/product/632565000029,yes
077567254245,00077567254245,UPC-A,Mint Chocolate Chip,Breyers,"[""Milk"", ""cream"", ""sugar"", ""coconut oil"", ""whey"", ""dutched cocoa (processed with alkali)"", ""vegetable gum (tara)"", ""natural flavor"", ""soy lecithin""]","{""serving_size"": ""0.66 cup (111 g)"", ""calories"": ""247"", ""total_fat"": ""13g"", ""saturated_fat"": ""9g"", ""cholesterol"": ""30mg"", ""sodium"": ""70mg"", ""total_carbohydrate"": ""28g"", ""dietary_fiber"": ""0g"", ""total_sugars"": ""27g"", ""added_sugars"": ""22.2g"", ""protein"": ""4g"", ""vitamin_d"": ""0mcg"", ""calcium"": ""130mg"", ""iron"": ""1.11mg"", ""potassium"": ""240mg""}",withheld_for_review,Meijer,unhealthy,ice-cream-tubs,1.5 quart,openfoodfacts,https://world.openfoodfacts.org/product/077567254245,yes
850014634438,00850014634438,UPC-A,Organic Vegetable Broth - No Salt Added,Bonafide Provisions,"[""Filtered Water"", ""Organic Onions"", ""Organic Celery"", ""Organic Carrots"", ""Organic Mushrooms"", ""Organic Leeks"", ""Organic Collard Greens"", ""Organic Spinach"", ""Organic Broccoli"", ""Organic Fennel"", ""Organic Tomatoes"", ""Organic Parsley"", ""Organic Black Peppercorns"", ""Organic Garlic""]","{""serving_size"": ""240ml (240 ml)"", ""calories"": ""15"", ""total_fat"": ""0g"", ""saturated_fat"": ""0g"", ""trans_fat"": ""0g"", ""cholesterol"": ""0mg"", ""sodium"": ""60mg"", ""total_carbohydrate"": ""4g"", ""dietary_fiber"": ""1g"", ""total_sugars"": ""0g"", ""protein"": ""1g"", ""vitamin_d"": ""0mcg"", ""calcium"": ""200mg"", ""iron"": ""0mg"", ""potassium"": ""10000mg""}",withheld_for_review,Whole Foods Market,better-for-you,liquid-broths,32 fl oz,openfoodfacts,https://world.openfoodfacts.org/product/850014634438,yes
818617021857,00818617021857,UPC-A,Lemon Turmeric Pineapple Passionfruit Ginger,suja,"[""Purified water"", ""organic lemon juice"", ""organic turmeric juice"", ""organic pineapple juice"", ""organic passionfruit juice"", ""organic ginger juice"", ""organic stevia leaf extract powder"", ""organic black pepper""]","{""serving_size"": ""1 portion (354 ml)"", ""calories"": ""20"", ""total_fat"": ""0g"", ""sodium"": ""0mg"", ""total_carbohydrate"": ""5g"", ""total_sugars"": ""2g"", ""added_sugars"": ""0g"", ""protein"": ""0g""}",withheld_for_review,Sprouts Farmers Market,better-for-you,plant-based-beverages,12 fl oz,openfoodfacts,https://world.openfoodfacts.org/product/818617021857,yes
028400040112,00028400040112,UPC-A,Crunchy,Cheetos,"[""ENRICHED CORN MEAL (CORN MEAL, FERROUS SULFATE, NIACIN, THIAMIN MONONITRATE, RIBOFLAVIN, FOLIC ACID)"", ""VEGETABLE OIL (CORN OIL, CANOLA OIL, SUNFLOWER OIL)"", ""WHEY"", ""CHEDDAR CHEESE (MILK, CHEESE CULTURES, SALT, ENZYMES)"", ""SALT"", ""CORN MALTODEXTRIN"", ""NATURAL AND ARTIFICIAL FLAVORS"", ""WHEY PROTEIN CONCENTRATE"", ""MONOSODIUM GLUTAMATE"", ""LACTIC ACID"", ""CITRIC ACID"", ""ARTIFICIAL COLOR (YELLOW 6)""]","{""serving_size"": ""1 portion (28.349 g)"", ""calories"": ""160"", ""total_fat"": ""10g"", ""saturated_fat"": ""1.5g"", ""sodium"": ""200mg"", ""total_carbohydrate"": ""15g"", ""dietary_fiber"": ""0.1g"", ""total_sugars"": ""1g"", ""added_sugars"": ""0.3g"", ""protein"": ""2g"", ""calcium"": ""3mg"", ""iron"": ""0.2mg"", ""potassium"": ""17mg""}",withheld_for_review,Walmart,better-for-you,puffed-salty-snacks-made-from-maize,1 oz (28.3 g),openfoodfacts,https://world.openfoodfacts.org/product/028400040112,yes
00006910,00000000006910,short-code-unverified,Peanut Butter Filled Pretzel Nuggets,Trader Joe's,"[""UNBLEACHED ENRICHED FLOUR (WHEAT FLOUR, NIACIN, REDUCED IRON, THIAMINE MONONITRATE, RIBOFLAVIN, FOLIC ACID)"", ""PEANUT BUTTER (ROASTED PEANUTS, SUGAR, SALT)"", ""CONTAINS 2% OR LESS OF SALT"", ""PALM OIL"", ""CORN SYRUP"", ""L-CYSTEINE HYDROCHLORIDE"", ""SODIUM HYDROXIDE. CONTAINS WHEAT"", ""PEANUT""]","{""serving_size"": ""10 pretzels (31 g)"", ""calories"": ""150"", ""total_fat"": ""7.01g"", ""saturated_fat"": ""1g"", ""trans_fat"": ""0g"", ""cholesterol"": ""0mg"", ""sodium"": ""241mg"", ""total_carbohydrate"": ""17g"", ""dietary_fiber"": ""1g"", ""total_sugars"": ""2g"", ""added_sugars"": ""2g"", ""protein"": ""4.99g"", ""vitamin_d"": ""0mcg"", ""calcium"": ""6.2mg"", ""iron"": ""1.1mg"", ""potassium"": ""34.1mg""}",withheld_for_review,Trader Joe's,better-for-you,peanut-filled,454g,openfoodfacts,https://world.openfoodfacts.org/product/00006910,yes
747479001052,00747479001052,UPC-A,Tomato Basil,RAO'S HOMEMADE,"[""Italian whole peeled tomatoes"", ""olive oil"", ""onions"", ""basil"", ""salt"", ""garlic"", ""black pepper"", ""dried oregano""]","{""serving_size"": ""1 portion (125 g)"", ""calories"": ""80"", ""total_fat"": ""5g"", ""saturated_fat"": ""0.5g"", ""sodium"": ""420mg"", ""total_carbohydrate"": ""6g"", ""dietary_fiber"": ""1g"", ""total_sugars"": ""4g"", ""added_sugars"": ""0g"", ""protein"": ""2g"", ""iron"": ""0.3mg""}",withheld_for_review,Target,better-for-you,Groceries,24 oz,openfoodfacts,https://world.openfoodfacts.org/product/747479001052,yes
4099100103069,04099100103069,EAN-13,Crunchy Peanut Butter,Peanut Delight,"[""DRY ROASTED PEANUTS"", ""SUGAR"", ""HYDROGENATED VEGETABLE RAPESEED"", ""COTTONSEED AND SOYBEAN)"", ""SALT"", ""MOLASSES CONTAINS: PEANUTS""]","{""serving_size"": ""32 g"", ""calories"": ""180"", ""total_fat"": ""15g"", ""saturated_fat"": ""2.5g"", ""sodium"": ""100mg"", ""total_carbohydrate"": ""8g"", ""dietary_fiber"": ""2g"", ""total_sugars"": ""3g"", ""added_sugars"": ""2g"", ""protein"": ""7g"", ""calcium"": ""20mg"", ""iron"": ""0.5mg""}",withheld_for_review,Aldi,better-for-you,nut-butters,18 oz,openfoodfacts,https://world.openfoodfacts.org/product/4099100103069,yes
856069005742,00856069005742,UPC-A,Seed Flour Crackers Original,Simple Mills Organic,"[""Organic Seed & Seed Flour Blend (sunflower, pumpkin, flax)"", ""Organic Cassava Flour"", ""Organic Tapioca Starch"", ""Organic Sunflower Oil"", ""Sea Salt"", ""Organic Carrots"", ""Organic Rosemary Extract""]","{""serving_size"": ""9 crackers (30 g)"", ""calories"": ""160"", ""total_fat"": ""9g"", ""saturated_fat"": ""1g"", ""sodium"": ""180mg"", ""total_carbohydrate"": ""18g"", ""dietary_fiber"": ""1g"", ""added_sugars"": ""0g"", ""protein"": ""2g"", ""calcium"": ""9.99mg"", ""iron"": ""0.7mg"", ""potassium"": ""69.9mg""}",withheld_for_review,Kroger,better-for-you,crackers-appetizers,4.25 oz,openfoodfacts,https://world.openfoodfacts.org/product/856069005742,yes
815099020309,00815099020309,UPC-A,Organic Sea Salt Multigrain,Late July Snacks,"[""organic whole ground corn"", ""organic sunflower oil and"", ""or organic safflower oil"", ""organic brown rice"", ""organic chia seeds"", ""organic grain"", ""seed blend (organic flax organic millet, organic brown rice, organic quinoa, organic amaranth)"", ""organic evaporated cane sugar"", ""sea salt""]","{""serving_size"": ""10 chips (28 g)"", ""calories"": ""140"", ""total_fat"": ""7g"", ""saturated_fat"": ""0.5g"", ""sodium"": ""95mg"", ""total_carbohydrate"": ""17g"", ""dietary_fiber"": ""2g"", ""total_sugars"": ""1g"", ""added_sugars"": ""1g"", ""protein"": ""2g"", ""calcium"": ""10mg"", ""iron"": ""0.5mg"", ""potassium"": ""70mg""}",withheld_for_review,Costco,better-for-you,corn-chips,1,openfoodfacts,https://world.openfoodfacts.org/product/815099020309,yes
854137000705,00854137000705,UPC-A,Tortilla Chips Sea Salt,Xochitl,"[""white corn"", ""organic palm olein oil"", ""water"", ""lime"", ""sea salt""]","{""serving_size"": ""1 onz (28 g)"", ""calories"": ""150"", ""total_fat"": ""7g"", ""saturated_fat"": ""3g"", ""trans_fat"": ""0g"", ""cholesterol"": ""0mg"", ""sodium"": ""40mg"", ""total_carbohydrate"": ""18g"", ""dietary_fiber"": ""2g"", ""total_sugars"": ""0g"", ""added_sugars"": ""0g"", ""protein"": ""2g"", ""calcium"": ""20mg"", ""iron"": ""0.71mg""}",withheld_for_review,Wegmans,healthy,corn-chips,12OZ. (340.2g.),openfoodfacts,https://world.openfoodfacts.org/product/854137000705,yes
018627703396,00018627703396,UPC-A,Honey Almond Flax Crunch,Kashi,"[""Kashi Seven Whole Grains and Sesame blend (hard red wheat**, brown rice, barley, triticale, oats, rye, buckwheat, sesame seeds)"", ""soy flakes"", ""brown rice syrup"", ""cane sugar"", ""chicory root fiber"", ""almonds"", ""whole flax seeds"", ""whole grain oats"", ""expeller pressed canola oil"", ""honey"", ""salt"", ""natural flavors"", ""mixed tocopherols for freshness. CONTAINS WHEAT"", ""SESAME"", ""SOY AND ALMOND INGREDIENTS""]","{""serving_size"": ""52 g"", ""calories"": ""200"", ""total_fat"": ""5g"", ""saturated_fat"": ""0.5g"", ""trans_fat"": ""0g"", ""cholesterol"": ""0mg"", ""sodium"": ""140mg"", ""total_carbohydrate"": ""35g"", ""dietary_fiber"": ""8g"", ""total_sugars"": ""12g"", ""added_sugars"": ""10g"", ""protein"": ""9g"", ""vitamin_d"": ""0mcg"", ""calcium"": ""30mg"", ""iron"": ""1.4mg"", ""potassium"": ""340mg""}",withheld_for_review,Sam's Club,better-for-you,breakfast-cereals,364 g,openfoodfacts,https://world.openfoodfacts.org/product/018627703396,yes
660726534212,00660726534212,UPC-A,Protein Powder Supplement,Muscle Milk,"[""MILK PROTEIN ISOLATE"", ""CALCIUM CASEINATE"", ""MALTODEXTRIN"", ""SODIUM CASEINATE"", ""ALKALIZED COCOA POWDER"", ""WHEY PROTEIN CONCENTRATE"", ""NON-DAIRY CREAMER (SUNFLOWER OIL, MALTODEXTRIN, SODIUM CASEINATE [MILK DERIVATIVE], MONO-AND DIGLYCERIDES, TOCOPHEROLS [PROTECT FLAVOR])"", ""NATURAL AND ARTIFICIAL FLAVOR"", ""SOLUBLE CORN FIBER"", ""POTASSIUM CHLORIDE"", ""MEDIUM CHAIN TRIGLYCERIDES"", ""WHEY PROTEIN ISOLATE"", ""CANOLA OIL"", ""MAGNESIUM OXIDE"", ""POTASSIUM BICARBONATE"", ""ACESULFAME POTASSIUM"", ""LACTOFERRIN"", ""SUCRALOSE"", ""HYDROLYZED WHEY PROTEIN CONCENTRATE""]","{""serving_size"": ""2 scoops (82 g)"", ""calories"": ""300"", ""total_fat"": ""5g"", ""saturated_fat"": ""2.5g"", ""cholesterol"": ""40mg"", ""sodium"": ""0.1mg"", ""total_carbohydrate"": ""17g"", ""dietary_fiber"": ""1g"", ""total_sugars"": ""3g"", ""added_sugars"": ""2.2g"", ""protein"": ""50g"", ""vitamin_d"": ""7mcg"", ""calcium"": ""780mg"", ""iron"": ""4.4mg"", ""potassium"": ""850mg""}",withheld_for_review,Meijer,better-for-you,protein-powders,907 g,openfoodfacts,https://world.openfoodfacts.org/product/660726534212,yes
099482418304,00099482418304,UPC-A,"Organic Flour, Whole Wheat Pastry, 32 Oz",365,"[""ORGANIC WHOLE _WHEAT_ PASTRY FLOUR""]","{""serving_size"": ""30g"", ""calories"": ""30"", ""total_fat"": ""0.15g"", ""saturated_fat"": ""0g"", ""trans_fat"": ""0g"", ""cholesterol"": ""0mg"", ""sodium"": ""0mg"", ""total_carbohydrate"": ""6.9g"", ""dietary_fiber"": ""1.2g"", ""total_sugars"": ""0g"", ""protein"": ""0.9g"", ""vitamin_d"": ""0mcg"", ""calcium"": ""0mg"", ""iron"": ""0.48mg"", ""potassium"": ""39mg""}",withheld_for_review,Whole Foods Market,better-for-you,whole-wheat-flours,32 oz,openfoodfacts,https://world.openfoodfacts.org/product/099482418304,yes
071146007185,00071146007185,UPC-A,Almond Nut Chips,Calbee,"[""Cassava flour"", ""avocado oil"", ""_almonds_"", ""smoke flavored seasoning (salt, maltodextrin, torula yeast, yeast extract, natural smoke flavor, natural flavor, onion powder)"", ""tapioca starch""]","{""serving_size"": ""1 oz (28 g, 15 pieces)"", ""calories"": ""150"", ""total_fat"": ""8g"", ""saturated_fat"": ""1g"", ""cholesterol"": ""0mg"", ""sodium"": ""190mg"", ""total_carbohydrate"": ""18g"", ""dietary_fiber"": ""2g"", ""total_sugars"": ""0g"", ""protein"": ""1g"", ""vitamin_d"": ""0mcg"", ""calcium"": ""11.2mg"", ""iron"": ""0.11mg"", ""potassium"": ""16.8mg""}",withheld_for_review,Sprouts Farmers Market,better-for-you,crisps,4.5 oz (128 g),openfoodfacts,https://world.openfoodfacts.org/product/071146007185,yes
024463061095,00024463061095,UPC-A,Sriracha Chili Sauce,Huy Fong Foods,"[""Chili"", ""Sugar"", ""Salt"", ""Garlic"", ""Acetic Acid"", ""Potassium Sorbate and Sodium Metabisulfite as preservatives"", ""Xanthan Gum. CONTAINS SULFITES (SODIUM METABISULFITE)""]","{""serving_size"": ""1 serving (5 g)"", ""calories"": ""0.2"", ""total_fat"": ""0g"", ""saturated_fat"": ""0g"", ""trans_fat"": ""0g"", ""cholesterol"": ""0mg"", ""sodium"": ""3.75mg"", ""total_carbohydrate"": ""0.05g"", ""dietary_fiber"": ""0g"", ""total_sugars"": ""0.03g"", ""added_sugars"": ""0g"", ""protein"": ""0g"", ""calcium"": ""0mg"", ""iron"": ""0.15mg"", ""potassium"": ""0.05mg""}",withheld_for_review,Walmart,better-for-you,Vegan condiments,482g,openfoodfacts,https://world.openfoodfacts.org/product/024463061095,yes
00972086,00000000972086,UPC-E,Plantain Chips,Trader Joe's,"[""water"", ""organic lemon juice"", ""organic maple syrup"", ""organic apple cider vinegar"", ""organic ginger juice"", ""organic ground cinnamon"", ""organic ground cayenne pepper"", ""bacillus coagulans""]","{""serving_size"": ""20 chips (28.349 g)"", ""calories"": ""142"", ""total_fat"": ""7g"", ""saturated_fat"": ""0.5g"", ""trans_fat"": ""0g"", ""cholesterol"": ""0mg"", ""sodium"": ""40mg"", ""total_carbohydrate"": ""19g"", ""dietary_fiber"": ""1g"", ""total_sugars"": ""0g"", ""added_sugars"": ""0g"", ""protein"": ""0g"", ""vitamin_d"": ""0mcg"", ""calcium"": ""0mg"", ""iron"": ""0.2mg"", ""potassium"": ""240mg""}",withheld_for_review,Trader Joe's,better-for-you,dried-fruits,170 g,openfoodfacts,https://world.openfoodfacts.org/product/00972086,yes
819597010213,00819597010213,UPC-A,100% Real Chocolate Morsels,Enjoy Life,"[""UNSWEETENED CHOCOLATE"", ""CANE SUGAR"", ""COCOA BUTTER""]","{""serving_size"": ""15.0g"", ""calories"": ""70"", ""total_fat"": ""6g"", ""saturated_fat"": ""3.5g"", ""trans_fat"": ""0g"", ""cholesterol"": ""0mg"", ""sodium"": ""0mg"", ""total_carbohydrate"": ""8g"", ""dietary_fiber"": ""2g"", ""total_sugars"": ""5g"", ""added_sugars"": ""5g"", ""protein"": ""1g"", ""vitamin_d"": ""0mcg"", ""calcium"": ""9mg"", ""iron"": ""2mg"", ""potassium"": ""105mg""}",withheld_for_review,Target,better-for-you,Baking decorations,9 oz (255g),openfoodfacts,https://world.openfoodfacts.org/product/819597010213,yes
4099100080414,04099100080414,EAN-13,Sourdough Loaf,Specially Selected,"[""wheat flour (wheat flour, malted barley flour)"", ""water"", ""sea salt"", ""sourdough culture (wheat flour, water)"", ""enzymes"", ""contains: wheat""]","{""serving_size"": ""1 portion (56 g)"", ""calories"": ""120"", ""total_fat"": ""0g"", ""saturated_fat"": ""0g"", ""trans_fat"": ""0g"", ""cholesterol"": ""0mg"", ""sodium"": ""0.24mg"", ""total_carbohydrate"": ""25g"", ""dietary_fiber"": ""1g"", ""total_sugars"": ""0g"", ""added_sugars"": ""0g"", ""protein"": ""4g"", ""vitamin_d"": ""0mcg"", ""calcium"": ""30mg"", ""iron"": ""0.7mg"", ""potassium"": ""52mg""}",withheld_for_review,Aldi,better-for-you,breads,"24 Oz (1.5 lbs), 680g",openfoodfacts,https://world.openfoodfacts.org/product/4099100080414,yes
03444009,00000003444009,UPC-E,Reese's 2 Peanut Butter Cups,Reese's,"[""MILK CHOCOLATE (SUGAR, COCOA BUTTER, CHOCOLATE, SKIM MILK, MILK FAT, LACTOSE, LECITHIN (SOY), PGPR)"", ""PEANUTS"", ""SUGAR"", ""DEXTROSE"", ""SALT"", ""TBHQ & CITRIC ACID (TO MAINTAIN FRESHNESS)""]","{""serving_size"": ""1 package (42 g)"", ""calories"": ""205"", ""total_fat"": ""12g"", ""saturated_fat"": ""4.5g"", ""cholesterol"": ""5mg"", ""sodium"": ""135mg"", ""total_carbohydrate"": ""24g"", ""dietary_fiber"": ""2g"", ""total_sugars"": ""22g"", ""added_sugars"": ""21g"", ""protein"": ""4g"", ""calcium"": ""40mg"", ""iron"": ""0.7mg"", ""potassium"": ""188mg""}",withheld_for_review,Kroger,better-for-you,peanut-butter-cups,"2 pieces, 1.5 oz (42 g)",openfoodfacts,https://world.openfoodfacts.org/product/03444009,yes
049508250302,00049508250302,UPC-A,Pretzel Crisps Original Organic,Snack Factory,"[""organic wheat flour"", ""organic cane sugar"", ""salt"", ""organic tapioca syrup"", ""organic malt extract"", ""soda""]","{""serving_size"": ""11 crackers (28 g)"", ""calories"": ""110"", ""total_fat"": ""0g"", ""saturated_fat"": ""0g"", ""trans_fat"": ""0g"", ""cholesterol"": ""0mg"", ""sodium"": ""270mg"", ""total_carbohydrate"": ""24g"", ""dietary_fiber"": ""0g"", ""total_sugars"": ""2g"", ""added_sugars"": ""2g"", ""protein"": ""3g"", ""vitamin_d"": ""0mcg"", ""calcium"": ""10mg"", ""iron"": ""0.8mg"", ""potassium"": ""30mg""}",withheld_for_review,Costco,better-for-you,crackers-appetizers,28 oz,openfoodfacts,https://world.openfoodfacts.org/product/049508250302,yes
076808280982,00076808280982,UPC-A,Rotini,Barilla,"[""semolina (wheat)"", ""hard wheat flour"", ""vitamins"", ""minerals: vitamin b3 (niacin)"", ""iron (ferrous sulfate)"", ""vitamin b1 (thiamin mononitrate)"", ""vitamin b2 (riboflavin)"", ""folic acid""]","{""serving_size"": ""1 serving (56 g)"", ""calories"": ""200"", ""total_fat"": ""1g"", ""saturated_fat"": ""0g"", ""trans_fat"": ""0g"", ""cholesterol"": ""0mg"", ""sodium"": ""0mg"", ""total_carbohydrate"": ""42g"", ""dietary_fiber"": ""3g"", ""total_sugars"": ""1g"", ""added_sugars"": ""0g"", ""protein"": ""7g"", ""vitamin_d"": ""0mcg"", ""calcium"": ""12mg"", ""iron"": ""1.8mg"", ""potassium"": ""118mg""}",withheld_for_review,Wegmans,healthy,dry-pastas,1 LB (454 g),openfoodfacts,https://world.openfoodfacts.org/product/076808280982,yes
075355112296,00075355112296,UPC-A,Healthy Balance Apple Flavored Reduced Sugar Juice Cocktail From Concentrate,Old Orchard,"[""Filtered water"", ""apple juice concentrate"", ""malic acid"", ""caramel color"", ""ascorbic acid (vitamin c)"", ""acesulfame potassium"", ""sucralose (splenda brand)""]","{""serving_size"": ""8 OZA (240 ml)"", ""calories"": ""19.2"", ""total_fat"": ""0g"", ""saturated_fat"": ""0g"", ""cholesterol"": ""0mg"", ""sodium"": ""14.4mg"", ""total_carbohydrate"": ""4.01g"", ""dietary_fiber"": ""0g"", ""total_sugars"": ""4.01g"", ""added_sugars"": ""0g"", ""protein"": ""0g"", ""calcium"": ""0mg"", ""iron"": ""0mg"", ""potassium"": ""45.6mg""}",withheld_for_review,Sam's Club,better-for-you,Jugos,1.89 L,openfoodfacts,https://world.openfoodfacts.org/product/075355112296,yes
856716008157,00856716008157,UPC-A,Strawberry Jam,Good Good,"[""STRAWBERRIES (58%)"", ""WATER"", ""ERYTHRITOL"", ""FRUIT PECTIN"", ""ROWANBERRY EXTRACT"", ""STEVIA EXTRACT"", ""LEMON POWDER"", ""CITRIC ACID"", ""CARROT CONCENTRATE (FOR COLOR)"", ""BLACKCURRANT CONCENTRATE (FOR COLOR)"", ""ASCORBIC ACID (VITAMIN C)""]","{""serving_size"": ""1 tbsp (20 g)"", ""calories"": ""5"", ""total_fat"": ""0g"", ""saturated_fat"": ""0g"", ""trans_fat"": ""0g"", ""cholesterol"": ""0mg"", ""sodium"": ""0mg"", ""total_carbohydrate"": ""1g"", ""dietary_fiber"": ""0g"", ""total_sugars"": ""1g"", ""added_sugars"": ""0g"", ""protein"": ""0g"", ""iron"": ""0mg""}",withheld_for_review,Meijer,better-for-you,strawberry-jams,12oz,openfoodfacts,https://world.openfoodfacts.org/product/856716008157,yes
099482466350,00099482466350,UPC-A,Silken Tofu,365 Whole Foods Market,"[""WATER"", ""ORGANIC SOYBEANS"", ""CALCIUM SULFATE"", ""MAGNESIUM CHLORIDE""]","{""serving_size"": ""84g"", ""calories"": ""35"", ""total_fat"": ""2g"", ""saturated_fat"": ""0g"", ""sodium"": ""15mg"", ""total_carbohydrate"": ""1g"", ""dietary_fiber"": ""0g"", ""total_sugars"": ""0g"", ""added_sugars"": ""0g"", ""protein"": ""4g"", ""calcium"": ""70mg"", ""iron"": ""0.8mg"", ""potassium"": ""170mg""}",withheld_for_review,Whole Foods Market,healthy,xx:tofu,1 lb,openfoodfacts,https://world.openfoodfacts.org/product/099482466350,yes
850033324068,00850033324068,UPC-A,Organic bar,Yumi,"[""Oat Flour"", ""YUMI Fruit and Vegetable Blend (Dates, Dried Apples, Banana Puree, Strawberry Puree, Monk Fruit Concentrate, Rhubarb Puree, YUMI Superfood Blend [Apple, Kale, Broccoli, Spinach, Carrot, Parsley, Beet, Green Cabbage, Blueberry, Raspberry, Strawberry, Tomato])"", ""Soluble Tapioca Fiber"", ""Refined Coconut Oil"", ""Glycerin"", ""Water"", ""Tapioca Syrup"", ""Corn Starch"", ""Sunflower Lecithin"", ""Guar Gum"", ""Cinnamon"", ""French Vanilla Flavor"", ""Pectin"", ""Baking Soda"", ""Sea Salt"", ""Citric Acid"", ""Mixed Tocopherols (Vitamin E)"", ""Natural Flavor"", ""Fruit Juice for Color"", ""Vitamin C (Ascorbic Acid)"", ""Iron Bisglycinate Chelate"", ""Niacin (Niacinamide)"", ""Zinc Citrate"", ""Vitamin B6 (Pyridoxine Hydrochloride)"", ""Vitamin K1"", ""Vitamin D3 (Cholecalciferol from Lichen)""]","{""serving_size"": ""21g"", ""calories"": ""70"", ""total_fat"": ""2g"", ""saturated_fat"": ""1g"", ""trans_fat"": ""0g"", ""cholesterol"": ""0mg"", ""sodium"": ""60mg"", ""total_carbohydrate"": ""14g"", ""dietary_fiber"": ""5g"", ""total_sugars"": ""3g"", ""added_sugars"": ""0g"", ""protein"": ""2g"", ""vitamin_d"": ""3.5mcg"", ""calcium"": ""10mg"", ""iron"": ""2.1mg"", ""potassium"": ""50mg""}",withheld_for_review,Sprouts Farmers Market,healthy,protein-energy-bars,.74 oz,openfoodfacts,https://world.openfoodfacts.org/product/850033324068,yes
810589030295,00810589030295,UPC-A,Vanilla Almond Butter Nut Granola,purely elizabeth.,"[""Organic Pumpkin Seeds"", ""Organic Sunflower Seeds"", ""Cashews"", ""Organic Coconut Sugar"", ""Almonds"", ""Organic Coconut Flakes"", ""Almond Butter"", ""Organic Coconut Oil"", ""Organic Chia Seeds"", ""Organic Cinnamon"", ""Sea Salt"", ""Vanilla extract""]","{""serving_size"": ""1 serving (30 g)"", ""calories"": ""170"", ""total_fat"": ""13g"", ""saturated_fat"": ""3.5g"", ""sodium"": ""105mg"", ""total_carbohydrate"": ""8g"", ""dietary_fiber"": ""2g"", ""total_sugars"": ""4g"", ""added_sugars"": ""4g"", ""protein"": ""6g"", ""calcium"": ""20mg"", ""iron"": ""1mg"", ""potassium"": ""130mg""}",withheld_for_review,Walmart,better-for-you,nut-and-seed-mixes,227g,openfoodfacts,https://world.openfoodfacts.org/product/810589030295,yes
00931847,00000000931847,short-code-unverified,Chocolate Bar,Trader Joe's,"[""Cocoa mass"", ""sugar"", ""cocoa butter"", ""soy lecithin"", ""natural vanilla flavor""]","{""serving_size"": ""10 pieces (31 g)"", ""calories"": ""190"", ""total_fat"": ""15g"", ""saturated_fat"": ""9g"", ""trans_fat"": ""0g"", ""cholesterol"": ""0mg"", ""sodium"": ""0mg"", ""total_carbohydrate"": ""10g"", ""dietary_fiber"": ""4g"", ""total_sugars"": ""5g"", ""added_sugars"": ""5g"", ""protein"": ""3g"", ""vitamin_d"": ""0mcg"", ""calcium"": ""40mg"", ""iron"": ""0.6mg"", ""potassium"": ""180mg""}",withheld_for_review,Trader Joe's,better-for-you,candy-chocolate-bars,3.5 oz (100g),openfoodfacts,https://world.openfoodfacts.org/product/00931847,yes
024100115099,00024100115099,UPC-A,baked snack crackers,Cheez-It,"[""enriched flour (wheat flour, niacin, reduced iron, vitamin b1 [thiamin mononitrate], vitamin b2 [riboflavin], folic acid)"", ""vegetable oil (soybean and palm oil with tbhq for freshness)"", ""cheese made with skim milk (skim milk, whey protein, salt, cheese cultures, enzymes, annatto extract color)"", ""contains 2% or less of salt"", ""dextrose"", ""paprika"", ""yeast"", ""paprika extract color"", ""soy lecithin""]","{""serving_size"": ""27 crackers (30 g)"", ""calories"": ""150"", ""total_fat"": ""8g"", ""saturated_fat"": ""1.5g"", ""trans_fat"": ""0g"", ""cholesterol"": ""0mg"", ""sodium"": ""230mg"", ""total_carbohydrate"": ""17g"", ""dietary_fiber"": ""1g"", ""total_sugars"": ""0g"", ""added_sugars"": ""0g"", ""protein"": ""3g"", ""vitamin_d"": ""0mcg"", ""calcium"": ""35.1mg"", ""iron"": ""1mg"", ""potassium"": ""20.1mg""}",withheld_for_review,Target,better-for-you,crackers-appetizers,21 oz,openfoodfacts,https://world.openfoodfacts.org/product/024100115099,yes
4099100042832,04099100042832,EAN-13,100% Whole Wheat Bread,LF,"[""whole wheat flour"", ""water"", ""is yeast"", ""brown sugar"", ""wheat gluten"", ""contains 2% or less of each of the following: salti"", ""dough conditioners oz) (contains one or more of the following: sodium stearoyl lactylate"", ""calcium stearoyl lactylate"", ""monoglycerides"", ""mono - and diglycerides"", ""distilled monoglycerides"", ""calcium peroxide"", ""calcium iodate"", ""datem"", ""ethoxylated mono - and diglycerides"", ""ue* enzymes"", ""ascorbic acid)"", ""soybean oil"", ""% vinegar"", ""cultured wheat flour"", ""monocalcium phosphate"", ""ammonium 1%sulfate"", ""citric acid"", ""sodium citrate"", ""soy lecithin"", ""natamycin (to retard spoilage)"", ""contains: wheat"", ""soy"", ""ts distrid t o coldr""]","{""serving_size"": ""26g"", ""calories"": ""55.7"", ""total_fat"": ""0.5g"", ""saturated_fat"": ""0g"", ""sodium"": ""110mg"", ""total_carbohydrate"": ""11g"", ""dietary_fiber"": ""2g"", ""total_sugars"": ""1g"", ""added_sugars"": ""0.93g"", ""protein"": ""4g"", ""calcium"": ""50mg"", ""iron"": ""0.74mg""}",withheld_for_review,Aldi,better-for-you,wheat-breads,20 oz,openfoodfacts,https://world.openfoodfacts.org/product/4099100042832,yes
856416000703,00856416000703,UPC-A,Triple Berry Crunch Granola,Bear Naked,"[""whole grain oats"", ""brown sugar"", ""brown rice syrup"", ""crisp rice (rice flour, sugar, salt)"", ""whole oat flour"", ""dried cranberries (cranberries, cane sugar, vegetable glycerin)"", ""canola oil"", ""pumpkin seeds"", ""strawberries"", ""blueberries"", ""baking soda"", ""sea salt"", ""natural flavors"", ""rosemary extract""]","{""serving_size"": ""1 serving (52 g)"", ""calories"": ""210"", ""total_fat"": ""6g"", ""saturated_fat"": ""1g"", ""sodium"": ""190mg"", ""total_carbohydrate"": ""38g"", ""dietary_fiber"": ""4g"", ""total_sugars"": ""11g"", ""added_sugars"": ""10g"", ""protein"": ""5g"", ""calcium"": ""30mg"", ""iron"": ""1.2mg"", ""potassium"": ""170mg""}",withheld_for_review,Kroger,better-for-you,mueslis-with-fruits,12 oz (340g),openfoodfacts,https://world.openfoodfacts.org/product/856416000703,yes
096619336753,00096619336753,UPC-A,Peanut Butter Pretzels,Kirkland Signature,"[""Enriched Wheat Flour (Wheat Flour, Niacin, Reduced Iron, Thiamin Mononitrate, Riboflavin, Folic Acid)"", ""Peanut Butter (Valencia Peanuts, Molasses, Mono - and diglycerides)"", ""Salt"", ""Soybean Oil"", ""Corn Syrup"", ""Barley Malt Extract""]","{""serving_size"": ""8 pretzels (28 g)"", ""calories"": ""134"", ""total_fat"": ""6.16g"", ""saturated_fat"": ""1.4g"", ""trans_fat"": ""0g"", ""cholesterol"": ""0mg"", ""sodium"": ""228mg"", ""total_carbohydrate"": ""13.7g"", ""dietary_fiber"": ""1.4g"", ""total_sugars"": ""1.12g"", ""added_sugars"": ""0.25g"", ""protein"": ""4.2g"", ""vitamin_d"": ""0mcg"", ""calcium"": ""0mg"", ""iron"": ""1.12mg"", ""potassium"": ""0mg""}",withheld_for_review,Costco,better-for-you,pretzel,55 oz,openfoodfacts,https://world.openfoodfacts.org/product/096619336753,yes
045300005423,00045300005423,UPC-A,Honey Roast Creamy Peanut & Honey Spread,Peter Pan,"[""peanut butter (roasted peanuts, sugar, less than 2% of: molasses, hydrogenated vegetable oils [cottonseed and rapeseed], salt)"", ""sugar"", ""honey"", ""contains: peanuts""]","{""serving_size"": ""1 serving (34 g)"", ""calories"": ""202"", ""total_fat"": ""14g"", ""saturated_fat"": ""3g"", ""sodium"": ""130mg"", ""total_carbohydrate"": ""11g"", ""dietary_fiber"": ""2g"", ""total_sugars"": ""8g"", ""added_sugars"": ""7g"", ""protein"": ""7g"", ""potassium"": ""61mg""}",withheld_for_review,Wegmans,healthy,nut-butters,"16.3 OZ, 462g, 1.02Lb",openfoodfacts,https://world.openfoodfacts.org/product/045300005423,yes
677210094176,00677210094176,UPC-A,Coconut Keto Cluster Crunch,Gourmet Gatherings,"[""Coconut"", ""Pumpkin Seeds"", ""Sunflower Seeds"", ""Tapioca Syrup"", ""Inulin (agave fiber)"", ""Hulled Hemp Seeds"", ""Sea Salt"", ""Caramel Flavor"", ""Xanthan Gum"", ""Natural Flavor""]","{""serving_size"": ""28g"", ""calories"": ""160"", ""total_fat"": ""12g"", ""saturated_fat"": ""7g"", ""trans_fat"": ""0g"", ""cholesterol"": ""0mg"", ""sodium"": ""80mg"", ""total_carbohydrate"": ""10g"", ""dietary_fiber"": ""6g"", ""total_sugars"": ""2g"", ""added_sugars"": ""2g"", ""protein"": ""4g"", ""vitamin_d"": ""0mcg"", ""calcium"": ""7mg"", ""iron"": ""1mg"", ""potassium"": ""78mg""}",withheld_for_review,Sam's Club,better-for-you,seed cluster snack,454 gm,openfoodfacts,https://world.openfoodfacts.org/product/677210094176,yes
077567254344,00077567254344,UPC-A,Ice cream Natural Strawberry,Breyers,"[""Milk"", ""Strawberries"", ""Cream"", ""Sugar"", ""Whey"", ""Vegetable Gum (Tara)""]","{""serving_size"": ""0.667 cup (90 g)"", ""calories"": ""150"", ""total_fat"": ""7g"", ""saturated_fat"": ""4.5g"", ""trans_fat"": ""0g"", ""cholesterol"": ""20mg"", ""sodium"": ""45mg"", ""total_carbohydrate"": ""20g"", ""dietary_fiber"": ""0g"", ""total_sugars"": ""19g"", ""added_sugars"": ""14g"", ""protein"": ""2g"", ""vitamin_d"": ""0mcg"", ""calcium"": ""90mg"", ""iron"": ""0mg"", ""potassium"": ""160mg""}",withheld_for_review,Meijer,better-for-you,Proposed-for-deletion,1.5 quart,openfoodfacts,https://world.openfoodfacts.org/product/077567254344,yes
099482523619,00099482523619,UPC-A,Organic Unsweetened & Unsalted Creamy Peanut Butter,365 Whole Foods Markwt,"[""Organic dry roasted peanuts""]","{""serving_size"": ""32g"", ""calories"": ""190"", ""total_fat"": ""16g"", ""saturated_fat"": ""2.5g"", ""trans_fat"": ""0g"", ""cholesterol"": ""0mg"", ""sodium"": ""0mg"", ""total_carbohydrate"": ""7g"", ""dietary_fiber"": ""3g"", ""total_sugars"": ""2g"", ""added_sugars"": ""0g"", ""protein"": ""8g"", ""vitamin_d"": ""0mcg"", ""calcium"": ""0mg"", ""iron"": ""0.5mg"", ""potassium"": ""200mg""}",withheld_for_review,Whole Foods Market,healthy,peanut-butters,737 g,openfoodfacts,https://world.openfoodfacts.org/product/099482523619,yes
850016813381,00850016813381,UPC-A,marshmallow grain free cereal,THREE WISHES,"[""Chickpea"", ""Tapioca"", ""Pea Protein"", ""Organic Cane Sugar"", ""Natural Flavors"", ""Monk Fruit""]","{""serving_size"": ""1 serving (35 g)"", ""calories"": ""130"", ""total_fat"": ""1.5g"", ""saturated_fat"": ""0g"", ""trans_fat"": ""0g"", ""cholesterol"": ""0mg"", ""sodium"": ""45mg"", ""total_carbohydrate"": ""20g"", ""dietary_fiber"": ""3g"", ""total_sugars"": ""3g"", ""added_sugars"": ""3g"", ""protein"": ""8g"", ""vitamin_d"": ""0mcg"", ""calcium"": ""15mg"", ""iron"": ""4mg"", ""potassium"": ""207mg""}",withheld_for_review,Sprouts Farmers Market,healthy,Grain-free-cereal,245g,openfoodfacts,https://world.openfoodfacts.org/product/850016813381,yes
037466042695,00037466042695,UPC-A,DARK CHOCOLATE,Lindt,"[""CHOCOLATE"", ""COCOA BUTTER"", ""COCOA POWDER PROCESSED WITH ALKALI"", ""SUGAR""]","{""serving_size"": ""3 pieces (30 g)"", ""calories"": ""200"", ""total_fat"": ""16g"", ""saturated_fat"": ""10g"", ""sodium"": ""5mg"", ""total_carbohydrate"": ""9g"", ""dietary_fiber"": ""5g"", ""total_sugars"": ""2g"", ""added_sugars"": ""2g"", ""protein"": ""4g"", ""calcium"": ""18mg"", ""iron"": ""2mg"", ""potassium"": ""457mg""}",withheld_for_review,Walmart,better-for-you,dark-chocolate-bar-with-more-than-70-cocoa,Net Wt 3.5 Oz (100g),openfoodfacts,https://world.openfoodfacts.org/product/037466042695,yes
00906425,00000000906425,short-code-unverified,Mediterranean Style Hummus,Trader Joe's,"[""Garbanzo beans (garbanzo beans, water, salt)"", ""tahini (ground sesame seeds)"", ""water"", ""canola oil and"", ""or safflower oil"", ""garlic"", ""concentrated lemon juice"", ""salt"", ""pine nuts"", ""phosphoric"", ""acetic and malic acids"", ""cultured dextrose (preserves freshness)"", ""olive oil"", ""spices"", ""dehydrated red bell pepper"", ""dehydrated parsley""]","{""serving_size"": ""2 tbsp. (32 g)"", ""calories"": ""74.7"", ""total_fat"": ""6g"", ""saturated_fat"": ""0g"", ""trans_fat"": ""0g"", ""cholesterol"": ""0mg"", ""sodium"": ""105mg"", ""total_carbohydrate"": ""5g"", ""dietary_fiber"": ""1g"", ""total_sugars"": ""0g"", ""added_sugars"": ""0g"", ""protein"": ""2g""}",withheld_for_review,Trader Joe's,better-for-you,Groceries,16 oz,openfoodfacts,https://world.openfoodfacts.org/product/00906425,yes
611269332827,00611269332827,UPC-A,Red Bull The Red Edition Watermelon Blast Energy Drink,Red Bull,"[""Carbonated Water"", ""Sugar"", ""Glucose"", ""Ciric Acid"", ""Tourine"", ""Sodium Citrate"", ""Caffeine"", ""Colors"", ""Niacinamide"", ""Natural and Artificial Flavors"", ""Pyridoxine HC (Vitamin B6)"", ""Calcium Pantothenate"", ""Vitamin B12""]","{""serving_size"": ""1 can (354.882 g)"", ""calories"": ""160"", ""total_fat"": ""0g"", ""saturated_fat"": ""0g"", ""trans_fat"": ""0g"", ""cholesterol"": ""0mg"", ""sodium"": ""125mg"", ""total_carbohydrate"": ""40.1g"", ""dietary_fiber"": ""0g"", ""total_sugars"": ""38g"", ""added_sugars"": ""0.03g"", ""protein"": ""0g"", ""vitamin_d"": ""0mcg"", ""calcium"": ""0mg"", ""iron"": ""0mg"", ""potassium"": ""0mg""}",withheld_for_review,Target,better-for-you,sweetened-beverages,355 mL (12 FL OZ),openfoodfacts,https://world.openfoodfacts.org/product/611269332827,yes
4099100116649,04099100116649,EAN-13,WHEY PROTEIN BLEND,ELEVATION,"[""PROTEIN BLEND (WHEY PROTEIN CONCENTRA, WHEY PROTEIN ISOLATE)"", ""COCOA POWDER (ALKALI PROCE, MALTODEXTRIN, NATURAL AND ARTIFICIAL FLAVORS SUNFLONG, LECITHIN, CELLULOSE GUM, ACESULFAME POTASSIUM, SUCRALU""]","{""serving_size"": ""1 portion (50 g)"", ""calories"": ""180"", ""total_fat"": ""2.5g"", ""saturated_fat"": ""2g"", ""cholesterol"": ""80mg"", ""sodium"": ""85mg"", ""total_carbohydrate"": ""8g"", ""dietary_fiber"": ""1g"", ""total_sugars"": ""2g"", ""added_sugars"": ""0g"", ""protein"": ""30g"", ""calcium"": ""340mg"", ""iron"": ""2mg"", ""potassium"": ""200mg""}",withheld_for_review,Aldi,better-for-you,Protein-supplement,32 oz,openfoodfacts,https://world.openfoodfacts.org/product/4099100116649,yes
038000359217,00038000359217,UPC-A,Nutri Grain Strawberry,Kellogg's,"[""WHOLE GRAIN OATS"", ""ENRICHED FLOUR (WHEAT FLOUR, NIACIN, REDUCED IRON, THIAMIN MONONITRATE, RIBOFLAVIN, FOLIC ACID)"", ""SOYBEAN OIL"", ""WHOLE WHEAT FLOUR"", ""DEXTROSE"", ""FRUCTOSE"", ""VEGETABLE GLYCERIN"", ""INVERT SUGAR"", ""WHEY"", ""SOLUBLE CORN FIBER"", ""CELLULOSE"", ""SALT"", ""NATURAL FLAVOR"", ""POTASSIUM BICARBONATE"", ""VITAMIN BLEND (NIACINAMIDE, VITAMIN B1 [THIAMIN HYDROCHLORIDE], VITAMIN B6 [PYRIDOXINE HYDROCHLORIDE], VITAMIN B2 [RIBOFLAVIN], VITAMIN D, VITAMIN B12)"", ""WHEAT BRAN"", ""MONO - AND DIGLYCERIDES"", ""SOY LECITHIN"", ""WHEAT GLUTEN"", ""CARRAGEENAN"", ""IRON"", ""GUAR GUM"", ""INVERT SUGAR"", ""CORN SYRUP"", ""VEGETABLE GLYCERIN"", ""SUGAR"", ""STRAWBERRY PUREE CONCENTRATE"", ""MODIFIED FOOD STARCH"", ""SODIUM CITRATE"", ""VEGETABLE JUICE (COLOR)"", ""SODIUM ALGINATE"", ""NATURAL FLAVOR"", ""CITRIC ACID"", ""DIPHOSPHATE"", ""METHYLCELLULOSE"", ""LEMON JUICE CONCENTRATE"", ""WHEAT"", ""MILK"", ""SOY""]","{""serving_size"": ""1 bar (37 g)"", ""calories"": ""130"", ""total_fat"": ""3.5g"", ""saturated_fat"": ""0.5g"", ""trans_fat"": ""0g"", ""cholesterol"": ""0mg"", ""sodium"": ""130mg"", ""total_carbohydrate"": ""25g"", ""dietary_fiber"": ""2g"", ""total_sugars"": ""11g"", ""added_sugars"": ""1g"", ""protein"": ""2g"", ""iron"": ""1.8mg""}",withheld_for_review,Kroger,better-for-you,breakfast-bar,"1.3 oz, 37g",openfoodfacts,https://world.openfoodfacts.org/product/038000359217,yes
096619483556,00096619483556,UPC-A,organic GREEK YOGURT plain,KIRKLAND Signature,"[""nonfat milk"", ""active cultures (streptococcus thermophilus, lactobacillus bulgaricus, l. acidophilus, lactobacillus acidophilus, bifidus, lactobacillus casei)""]","{""serving_size"": ""0.667 cup (170 g)"", ""calories"": ""100"", ""total_fat"": ""0g"", ""saturated_fat"": ""0g"", ""trans_fat"": ""0g"", ""cholesterol"": ""10mg"", ""sodium"": ""60mg"", ""total_carbohydrate"": ""7g"", ""dietary_fiber"": ""0g"", ""total_sugars"": ""3g"", ""added_sugars"": ""0g"", ""protein"": ""18g"", ""vitamin_d"": ""0mcg"", ""calcium"": ""190mg"", ""iron"": ""0mg"", ""potassium"": ""190mg""}",withheld_for_review,Costco,healthy,greek-style-yogurts,1.36 kg (48oz),openfoodfacts,https://world.openfoodfacts.org/product/096619483556,yes
852700300375,00852700300375,UPC-A,Brown Zero Calorie Sweetener,Swerve,"[""ERYTHRITOL"", ""ALLULOSE"", ""VEGETABLE GLYCERIN"", ""FRUIT JUICE CONCENTRATE (FOR COLOR)"", ""NATURAL FLAVOR""]","{""serving_size"": ""6 serving (48 g)"", ""calories"": ""0"", ""total_fat"": ""0g"", ""saturated_fat"": ""0g"", ""trans_fat"": ""0g"", ""cholesterol"": ""0mg"", ""sodium"": ""0mg"", ""total_carbohydrate"": ""48g"", ""dietary_fiber"": ""48g"", ""total_sugars"": ""0g"", ""added_sugars"": ""0g"", ""protein"": ""0g"", ""iron"": ""0mg""}",withheld_for_review,Wegmans,healthy,sweeteners,12 oz (340g),openfoodfacts,https://world.openfoodfacts.org/product/852700300375,yes
009300000383,00009300000383,UPC-A,HAMBURGER DILL CHIPS,Mt. Olive,"[""CUCUMBERS"", ""WATER"", ""VINEGAR"", ""SALT"", ""CALCIUM CHLORIDE"", ""0.1% SODIUM BENZOATE (PRESERVATIVE)"", ""ALUM"", ""NATURAL FLAVORS"", ""POLYSORBATE 80"", ""AND YELLOW 5""]","{""serving_size"": ""1 serving (28.349 g)"", ""calories"": ""0"", ""total_fat"": ""0g"", ""sodium"": ""329mg"", ""total_carbohydrate"": ""0g"", ""added_sugars"": ""0g"", ""protein"": ""0g"", ""iron"": ""0mg""}",withheld_for_review,Sam's Club,better-for-you,null,28 g,openfoodfacts,https://world.openfoodfacts.org/product/009300000383,yes
708820088030,00708820088030,UPC-A,SPLIT TOP ENRICHED BREAD WHEAT,meijer,"[""Enriched flour [unbleached wheat flour, malted barley flour, reduced iron, thiamine mononitrate (vitamin b1), riboflavin (vitamin b2), niacin (vitamin b3), folic acid]"", ""water"", ""whole grain wheat flour"", ""yeast"", ""wheat bran"", ""sugar"", ""wheat gluten"", ""soybean oil"", ""molasses"", ""whole grain rolled oats"", ""salt"", ""rye flour"", ""barley flakes"", ""monoglycerides"", ""ethoxylated mono - and diglycerides"", ""modified whey"", ""calcium propionate (a preservative)"", ""dextrose"", ""vinegar"", ""wheat starch"", ""calcium sulfate"", ""artificial flavor"", ""citric acid"", ""ascorbic acid; topped with butter""]","{""serving_size"": ""1 SLICE (28 g)"", ""calories"": ""70"", ""total_fat"": ""1g"", ""saturated_fat"": ""0g"", ""trans_fat"": ""0g"", ""cholesterol"": ""0mg"", ""sodium"": ""130mg"", ""total_carbohydrate"": ""14g"", ""dietary_fiber"": ""1.01g"", ""total_sugars"": ""2g"", ""added_sugars"": ""2g"", ""protein"": ""2g"", ""calcium"": ""50.1mg"", ""iron"": ""1mg"", ""potassium"": ""40mg""}",withheld_for_review,Meijer,better-for-you,wheat-breads,22 oz,openfoodfacts,https://world.openfoodfacts.org/product/708820088030,yes
089125412004,00089125412004,UPC-A,Quinoa Flakes,Ancient Harvest,"[""Organic White Quinoa Flakes""]","{""serving_size"": ""1 serving (40 g)"", ""calories"": ""150"", ""total_fat"": ""2g"", ""sodium"": ""0mg"", ""total_carbohydrate"": ""26g"", ""dietary_fiber"": ""3g"", ""total_sugars"": ""5g"", ""added_sugars"": ""0g"", ""protein"": ""6g"", ""calcium"": ""19mg"", ""iron"": ""2mg"", ""potassium"": ""230mg""}",withheld_for_review,Whole Foods Market,healthy,quinoa-flakes,12 oz,openfoodfacts,https://world.openfoodfacts.org/product/089125412004,yes
079900003251,00079900003251,UPC-A,Banana Berry,Wyman's,"[""BANANA SLICES (ASCORBIC AND CITRIC ACIDS ADDED TO PROTECT COLOR)"", ""STRAWBERRIES"", ""WILD BLUEBERRIES""]","{""serving_size"": ""1 portion (140 g)"", ""calories"": ""80"", ""total_fat"": ""0g"", ""saturated_fat"": ""0g"", ""trans_fat"": ""0g"", ""cholesterol"": ""0mg"", ""sodium"": ""10mg"", ""total_carbohydrate"": ""20g"", ""dietary_fiber"": ""5g"", ""total_sugars"": ""13g"", ""added_sugars"": ""0g"", ""protein"": ""1g"", ""vitamin_d"": ""0mcg"", ""calcium"": ""20mg"", ""iron"": ""0.9mg"", ""potassium"": ""260mg""}",withheld_for_review,Sprouts Farmers Market,healthy,frozen-fruits,3 lbs,openfoodfacts,https://world.openfoodfacts.org/product/079900003251,yes
049733091015,00049733091015,UPC-A,Hot Sauce,Cholula,"[""WATER"", ""PEPPERS (ARBOL AND PIQUIN)"", ""SALT"", ""VINEGAR"", ""GARLIC POWDER"", ""SPICES"", ""AND XANTHAN GUM""]","{""serving_size"": ""1 serving (5 ml)"", ""calories"": ""1.65"", ""total_fat"": ""0.05g"", ""saturated_fat"": ""0.01g"", ""sodium"": ""47.8mg"", ""total_carbohydrate"": ""0.27g"", ""dietary_fiber"": ""0.09g"", ""total_sugars"": ""0.03g"", ""added_sugars"": ""0g"", ""protein"": ""0.04g""}",withheld_for_review,Walmart,better-for-you,es:Salsa picante,150ml,openfoodfacts,https://world.openfoodfacts.org/product/049733091015,yes
00559027,00000000559027,short-code-unverified,Seeds & Grains Crispbread Norwegian Crackers,Trader Joe's,"[""SUNFLOWER SEEDS"", ""SESAME SEEDS"", ""WHOLEMEAL RYE FLOUR"", ""OAT BRAN"", ""OATMEAL"", ""FLAXSEED"", ""SPELT WHEAT BRAN"", ""WHEAT BRAN"", ""WATER"", ""SEA SALT"", ""SALT"", ""OREGANO"", ""THYME""]","{""serving_size"": ""1 serving (22 g)"", ""calories"": ""110"", ""total_fat"": ""6g"", ""saturated_fat"": ""0.5g"", ""sodium"": ""210mg"", ""total_carbohydrate"": ""10g"", ""dietary_fiber"": ""3g"", ""total_sugars"": ""0g"", ""added_sugars"": ""0g"", ""protein"": ""4g"", ""iron"": ""0.4mg""}",withheld_for_review,Trader Joe's,healthy,crackers-appetizers,"220g, 7.75oz",openfoodfacts,https://world.openfoodfacts.org/product/00559027,yes
708953601021,00708953601021,UPC-A,Jade Pearl Rice Ramen,Lotus Foods,"[""ramen: *brown and *white rice flours"", ""bamboo extract"", ""soup pack: white miso powder (cultured soybeans and rice, salt)"", ""salt"", ""soybean powder"", ""white onion powder"", ""tamari powder (soybeans, sea salt)"", ""dried wakame seaweed"", ""dried parsley""]","{""serving_size"": ""1 CONTAINER (80 g)"", ""calories"": ""280"", ""total_fat"": ""3g"", ""saturated_fat"": ""0g"", ""trans_fat"": ""0g"", ""cholesterol"": ""0mg"", ""sodium"": ""780mg"", ""total_carbohydrate"": ""56g"", ""dietary_fiber"": ""2g"", ""total_sugars"": ""2g"", ""added_sugars"": ""0g"", ""protein"": ""8g"", ""calcium"": ""32.8mg"", ""iron"": ""2mg"", ""potassium"": ""296mg""}",withheld_for_review,Target,better-for-you,Soup ramen,80g,openfoodfacts,https://world.openfoodfacts.org/product/708953601021,yes
083046000135,00083046000135,UPC-A,100% Natural Spring Water,Ice Mountain,"[""Natural spring water 100%""]","{""serving_size"": ""500ml"", ""calories"": ""0"", ""total_fat"": ""0g"", ""saturated_fat"": ""0g"", ""trans_fat"": ""0g"", ""cholesterol"": ""0mg"", ""sodium"": ""0mg"", ""total_carbohydrate"": ""0g"", ""dietary_fiber"": ""0g"", ""total_sugars"": ""0g"", ""added_sugars"": ""0g"", ""protein"": ""0g""}",withheld_for_review,Aldi,healthy,spring-waters,16.9 fl. oz. (500 mL),openfoodfacts,https://world.openfoodfacts.org/product/083046000135,yes
190646640019,00190646640019,UPC-A,BARISTA EDITION OATMILK,Oatly,"[""Oat base (water, oats)"", ""low erucic acid rapeseed oil. Contains 2% or less of: dipotassium phosphate"", ""calcium carbonate"", ""tricalcium phosphate"", ""sea salt"", ""dicalcium phosphate"", ""riboflavin"", ""vitamin A acetate"", ""vitamin D2"", ""vitamin B12""]","{""serving_size"": ""240ml"", ""calories"": ""140"", ""total_fat"": ""7g"", ""saturated_fat"": ""0.5g"", ""trans_fat"": ""0g"", ""cholesterol"": ""0mg"", ""sodium"": ""100mg"", ""total_carbohydrate"": ""16g"", ""dietary_fiber"": ""2g"", ""total_sugars"": ""7g"", ""added_sugars"": ""7g"", ""protein"": ""3g"", ""vitamin_d"": ""3.6mcg"", ""calcium"": ""350mg"", ""iron"": ""0.3mg"", ""potassium"": ""390mg""}",withheld_for_review,Kroger,better-for-you,oat-based-drinks,946ml,openfoodfacts,https://world.openfoodfacts.org/product/190646640019,yes
096619194261,00096619194261,UPC-A,Ancient Grains Probiotic Granola,Kirkland Signature,"[""Whole grain rolled oats"", ""cane sugar"", ""soy oil"", ""khorasan wheat"", ""rolled spelt"", ""almonds"", ""inulin"", ""rice starch"", ""rolled quinoa"", ""rolled amaranth"", ""sea salt"", ""molasses"", ""cinnamon"", ""vanilla flavor"", ""probiotics (Bacillus coagulans GBI-30 6086)"", ""tocopherols (vitamin E)""]","{""serving_size"": ""1 serving (55 g)"", ""calories"": ""250"", ""total_fat"": ""9g"", ""saturated_fat"": ""1.5g"", ""sodium"": ""240mg"", ""total_carbohydrate"": ""39g"", ""dietary_fiber"": ""6g"", ""total_sugars"": ""9g"", ""added_sugars"": ""8g"", ""protein"": ""5g"", ""calcium"": ""50mg"", ""iron"": ""1.8mg"", ""potassium"": ""350mg""}",withheld_for_review,Costco,healthy,breakfast-cereals,35.3 oz (1 kg),openfoodfacts,https://world.openfoodfacts.org/product/096619194261,yes
077890583784,00077890583784,UPC-A,Tortilla Chips,Wegmans,"[""Organic Blue Corn"", ""Organic Sunflower Oil"", ""Trace of Lime"", ""Sea Salt""]","{""serving_size"": ""1 serving (28 g)"", ""calories"": ""140"", ""total_fat"": ""7g"", ""saturated_fat"": ""0.5g"", ""sodium"": ""160mg"", ""total_carbohydrate"": ""18g"", ""dietary_fiber"": ""2g"", ""added_sugars"": ""0g"", ""protein"": ""2g"", ""calcium"": ""30mg"", ""iron"": ""0.6mg"", ""potassium"": ""80mg""}",withheld_for_review,Wegmans,healthy,corn-chips,16 oz,openfoodfacts,https://world.openfoodfacts.org/product/077890583784,yes
732494000500,00732494000500,UPC-A,Caramel Flavoured Popcorn,G.H. Cretors,"[""Sugars (brown sugar, cane sugar, brown rice syrup)"", ""Popcorn"", ""Salted butter"", ""Vegetable oil"", ""Sea salt"", ""Soy lecithin"", ""Baking soda""]","{""serving_size"": ""1 portion (28 g)"", ""calories"": ""120"", ""total_fat"": ""3.5g"", ""saturated_fat"": ""1.5g"", ""trans_fat"": ""0g"", ""cholesterol"": ""5mg"", ""sodium"": ""150mg"", ""total_carbohydrate"": ""23g"", ""dietary_fiber"": ""1g"", ""total_sugars"": ""18g"", ""added_sugars"": ""18g"", ""protein"": ""1g"", ""vitamin_d"": ""0mcg"", ""calcium"": ""0mg"", ""iron"": ""1.4mg"", ""potassium"": ""0mg""}",withheld_for_review,Sam's Club,better-for-you,popcorn,227 g,openfoodfacts,https://world.openfoodfacts.org/product/732494000500,yes
041250112525,00041250112525,UPC-A,COTTAGE CHEESE SMALL CURD,meijer,"[""CULTURED NONFAT MILK"", ""CREAM"", ""LESS THAN 2% OF: WHEY"", ""SALT"", ""MALTODEXTRIN"", ""GUAR GUM"", ""CITRIC ACID"", ""CARRAGEENAN"", ""MONO AND DIGLYCERIDES"", ""LOCUST BEAN GUM"", ""POLYSORBATE 80"", ""POTASSIUM SORBATE (PRESERVATIVE)"", ""NATURAL AND ARTIFICIAL FLAVOR"", ""ENZYME""]","{""serving_size"": ""0.5 cup (113 g)"", ""calories"": ""124"", ""total_fat"": ""5.65g"", ""saturated_fat"": ""3.39g"", ""trans_fat"": ""0g"", ""cholesterol"": ""28.3mg"", ""sodium"": ""475mg"", ""total_carbohydrate"": ""5.65g"", ""dietary_fiber"": ""0g"", ""total_sugars"": ""4.52g"", ""added_sugars"": ""0g"", ""protein"": ""13.6g"", ""vitamin_d"": ""0mcg"", ""calcium"": ""113mg"", ""iron"": ""0mg"", ""potassium"": ""192mg""}",withheld_for_review,Meijer,better-for-you,undefined,113 g,openfoodfacts,https://world.openfoodfacts.org/product/041250112525,yes
099482479817,00099482479817,UPC-A,Organic Quick Cook Steel-Cut Oats,365 Everyday Value,"[""Organic steel cut oats""]","{""serving_size"": ""40g"", ""calories"": ""150"", ""total_fat"": ""2.5g"", ""saturated_fat"": ""0g"", ""trans_fat"": ""0g"", ""cholesterol"": ""0mg"", ""sodium"": ""0mg"", ""total_carbohydrate"": ""27g"", ""dietary_fiber"": ""4g"", ""total_sugars"": ""0g"", ""added_sugars"": ""0g"", ""protein"": ""5g"", ""calcium"": ""0mg"", ""iron"": ""1.7mg"", ""potassium"": ""140mg""}",withheld_for_review,Whole Foods Market,healthy,oat,680 g,openfoodfacts,https://world.openfoodfacts.org/product/099482479817,yes
646670518799,00646670518799,UPC-A,Organic Arborio Rice,Sprouts Farmers Market,"[""ORGANIC ARBORIO RICE""]","{""serving_size"": ""0.25 cup dry (45 g)"", ""calories"": ""160"", ""total_fat"": ""0g"", ""saturated_fat"": ""0g"", ""trans_fat"": ""0g"", ""cholesterol"": ""0mg"", ""sodium"": ""0mg"", ""total_carbohydrate"": ""36g"", ""dietary_fiber"": ""1g"", ""total_sugars"": ""0g"", ""added_sugars"": ""0g"", ""protein"": ""3g"", ""vitamin_d"": ""0mcg"", ""calcium"": ""1mg"", ""iron"": ""0.4mg"", ""potassium"": ""34mg""}",withheld_for_review,Sprouts Farmers Market,healthy,vegetables-from-spain,16 oz,openfoodfacts,https://world.openfoodfacts.org/product/646670518799,yes
884912126115,00884912126115,UPC-A,"great grains raisins, dates & pecans cereal",Post,"[""Whole Grain Wheat"", ""Raisins"", ""Cane Sugar"", ""Whole Grain Rolled Oats"", ""Dates"", ""Wheat Flour"", ""Malted Barley Flour"", ""Rice Flour"", ""Pecans"", ""Expeller Pressed Canola Oil"", ""Salt"", ""Rice Syrup"", ""Molasses. BHT added to preserve freshness. Vitamins and Minerals: Reduced Iron"", ""Zinc Oxide"", ""Niacinamide (Vitamin B3)"", ""Pyridoxine Hydrochloride (Vitamin B6)"", ""Vitamin A Palmitate"", ""Riboflavin (Vitamin B2)"", ""Thiamin Mononitrate (Vitamin B1)"", ""Folic Acid"", ""Vitamin D3"", ""Vitamin B12. CONTAINS WHEAT AND PECANS""]","{""serving_size"": ""1 portion (54 g)"", ""calories"": ""200"", ""total_fat"": ""4g"", ""saturated_fat"": ""0g"", ""trans_fat"": ""0g"", ""sodium"": ""140mg"", ""total_carbohydrate"": ""40g"", ""dietary_fiber"": ""4g"", ""total_sugars"": ""13g"", ""added_sugars"": ""3.54g"", ""protein"": ""4g""}",withheld_for_review,Walmart,better-for-you,oat,453 g,openfoodfacts,https://world.openfoodfacts.org/product/884912126115,yes
00508988,00000000508988,UPC-E,Inner Peas,Trader Joe's,"[""Whole green peas"", ""vegetable oil (canola oil and"", ""or sunflower oil and"", ""or safflower oil)"", ""rice"", ""salt"", ""calcium carbonate"", ""vitamin c (ascorbyl palmitate)""]","{""serving_size"": ""22 pieces (28 g)"", ""calories"": ""130"", ""total_fat"": ""5g"", ""saturated_fat"": ""0g"", ""trans_fat"": ""0g"", ""cholesterol"": ""0mg"", ""sodium"": ""75mg"", ""total_carbohydrate"": ""16g"", ""dietary_fiber"": ""4g"", ""total_sugars"": ""0g"", ""added_sugars"": ""0g"", ""protein"": ""5g"", ""calcium"": ""50mg"", ""iron"": ""0.9mg"", ""potassium"": ""200mg""}",withheld_for_review,Trader Joe's,healthy,dried-split-peas,94g,openfoodfacts,https://world.openfoodfacts.org/product/00508988,yes
024100104437,00024100104437,UPC-A,Cheez-It Extra Toasty Original Baked Snack Crackers,Cheez-It,"[""Enriched flour (wheat flour, niacin, reduced iron, vitamin b1 [thiamin mononitrate], vitamin b2 [riboflavin], folic acid)"", ""vegetable oil (soybean and palm oil with tbhq for freshness)"", ""cheese made with skim milk (skim milk, whey protein, cheese cultures, salt, enzymes, annatto extract color). contains 2% or less of salt"", ""dextrose"", ""paprika"", ""yeast"", ""paprika extract color"", ""soy lecithin""]","{""serving_size"": ""27 crackers (30 g)"", ""calories"": ""150"", ""total_fat"": ""8g"", ""saturated_fat"": ""1.5g"", ""trans_fat"": ""0g"", ""cholesterol"": ""0mg"", ""sodium"": ""230mg"", ""total_carbohydrate"": ""17g"", ""dietary_fiber"": ""1g"", ""total_sugars"": ""0g"", ""added_sugars"": ""0g"", ""protein"": ""3g"", ""vitamin_d"": ""0mcg"", ""calcium"": ""30mg"", ""iron"": ""1mg"", ""potassium"": ""30mg""}",withheld_for_review,Target,better-for-you,crackers-appetizers,12.4 Oz,openfoodfacts,https://world.openfoodfacts.org/product/024100104437,yes
4099100207149,04099100207149,EAN-13,Rolled Oats Old Fashioned,Millville,"[""whole grain rolled oats""]","{""serving_size"": ""40 g"", ""calories"": ""150"", ""total_fat"": ""2.5g"", ""saturated_fat"": ""0.5g"", ""trans_fat"": ""0g"", ""cholesterol"": ""0mg"", ""sodium"": ""0mg"", ""total_carbohydrate"": ""27g"", ""dietary_fiber"": ""4g"", ""total_sugars"": ""0g"", ""added_sugars"": ""0g"", ""protein"": ""5g"", ""vitamin_d"": ""0mcg"", ""calcium"": ""0mg"", ""iron"": ""1mg"", ""potassium"": ""60mg""}",withheld_for_review,Aldi,healthy,rolled-oats,42 oz,openfoodfacts,https://world.openfoodfacts.org/product/4099100207149,yes
074117000147,00074117000147,UPC-A,Original Pita Bread,Joseph's,"[""Water"", ""Enriched wheat flour ((wheat flour, niacin, reduced iron, thiamine mononitrate, riboflavin, folic acid), malted barley flour)"", ""wheat gluten"", ""oat fiber"", ""potato flour"", ""yeast"", ""soybean oil"", ""grape juice"", ""rice syrup"", ""carrot"", ""sugar"", ""salt"", ""calcium propionate"", ""monoglycerides"", ""citric acid"", ""ascorbic acid"", ""calcium sulfate"", ""salt"", ""enzymes"", ""xantham gum"", ""l-cysteine (plant-based)"", ""corn starch""]","{""serving_size"": ""0.5 pita (39 g)"", ""calories"": ""95"", ""total_fat"": ""1g"", ""saturated_fat"": ""0g"", ""trans_fat"": ""0g"", ""cholesterol"": ""0mg"", ""sodium"": ""115mg"", ""total_carbohydrate"": ""18g"", ""dietary_fiber"": ""2g"", ""total_sugars"": ""1g"", ""added_sugars"": ""0g"", ""protein"": ""4g"", ""vitamin_d"": ""0mcg"", ""calcium"": ""63mg"", ""iron"": ""1mg"", ""potassium"": ""84mg""}",withheld_for_review,Kroger,better-for-you,pitas,11 oz,openfoodfacts,https://world.openfoodfacts.org/product/074117000147,yes
096619885718,00096619885718,UPC-A,UNSALTED MIXED NUTS,KIRKLAND signature,"[""Cashews"", ""Almonds"", ""Pistachios"", ""Pecans"", ""Highly refined peanut oil. May contain: Peanuts"", ""Other tree nuts"", ""Milk"", ""Sesame"", ""Soy"", ""Wheat"", ""Mustard"", ""Sulfites""]","{""serving_size"": ""1 serving (28 g)"", ""calories"": ""168"", ""total_fat"": ""15g"", ""saturated_fat"": ""2g"", ""trans_fat"": ""0g"", ""cholesterol"": ""0mg"", ""sodium"": ""0mg"", ""total_carbohydrate"": ""7g"", ""dietary_fiber"": ""2g"", ""total_sugars"": ""2g"", ""added_sugars"": ""0g"", ""protein"": ""5g"", ""vitamin_d"": ""0mcg"", ""calcium"": ""40mg"", ""iron"": ""1.26mg"", ""potassium"": ""190mg""}",withheld_for_review,Costco,healthy,Unsalted-mixed-nuts,1.13 kg,openfoodfacts,https://world.openfoodfacts.org/product/096619885718,yes
829696000701,00829696000701,UPC-A,Skipjack Wild Tuna,Wild Planet,"[""Skipjack tuna (katsuwonus pelamis)"", ""sea salt""]","{""serving_size"": ""142g"", ""calories"": ""140"", ""total_fat"": ""1.5g"", ""saturated_fat"": ""0.5g"", ""trans_fat"": ""0g"", ""cholesterol"": ""50mg"", ""sodium"": ""450mg"", ""total_carbohydrate"": ""0g"", ""dietary_fiber"": ""0g"", ""total_sugars"": ""0g"", ""added_sugars"": ""0g"", ""protein"": ""32g"", ""vitamin_d"": ""8mcg"", ""iron"": ""0mg"", ""potassium"": ""470mg""}",withheld_for_review,Wegmans,healthy,canned-tunas,5 oz (142 g),openfoodfacts,https://world.openfoodfacts.org/product/829696000701,yes
073472002001,00073472002001,UPC-A,Ezekiel 4:9 Original Tortillas,Food for Life,"[""Organic sprouted wheat"", ""filtered water"", ""organic sesame seeds"", ""organic sprouted soybeans"", ""organic sprouted barley"", ""organic sprouted millet"", ""organic sprouted lentils"", ""organic sprouted spelt"", ""sea salt""]","{""serving_size"": ""1 tortilla (57 g)"", ""calories"": ""140"", ""total_fat"": ""2g"", ""saturated_fat"": ""0g"", ""trans_fat"": ""0g"", ""cholesterol"": ""0mg"", ""sodium"": ""125mg"", ""total_carbohydrate"": ""26g"", ""dietary_fiber"": ""5g"", ""total_sugars"": ""0g"", ""added_sugars"": ""0g"", ""protein"": ""7g"", ""vitamin_d"": ""0mcg"", ""calcium"": ""16mg"", ""iron"": ""3mg"", ""potassium"": ""133mg""}",withheld_for_review,Sam's Club,healthy,Tortillas,340 g,openfoodfacts,https://world.openfoodfacts.org/product/073472002001,yes
713733141901,00713733141901,UPC-A,CREAMY PEANUT BUTTER,meijer,"[""Peanuts"", ""sugar"", ""contains 2% or less of: fully hydrogenated vegetable oils (cottonseed, soybean, rapeseed)"", ""dextrose"", ""salt"", ""molasses"", ""and monoglycerides""]","{""serving_size"": ""2 Tbsp (32 g)"", ""calories"": ""180"", ""total_fat"": ""15g"", ""saturated_fat"": ""3g"", ""trans_fat"": ""0g"", ""cholesterol"": ""0mg"", ""sodium"": ""120mg"", ""total_carbohydrate"": ""8g"", ""dietary_fiber"": ""2g"", ""total_sugars"": ""4g"", ""added_sugars"": ""2g"", ""protein"": ""7g"", ""calcium"": ""18.9mg"", ""iron"": ""0mg"", ""potassium"": ""190mg""}",withheld_for_review,Meijer,better-for-you,nut-butters,,openfoodfacts,https://world.openfoodfacts.org/product/713733141901,yes
827048022203,00827048022203,UPC-A,Swiss Cheese Thin Sliced,Andrew & Everett,"[""rBGH-BST HORMONE FREE PART SKIM MILK"", ""CHEESE CULTURE"", ""SALT"", ""ENZYMES _CONTAINS: MILK_""]","{""serving_size"": ""1 slice (20 g)"", ""calories"": ""70"", ""total_fat"": ""5g"", ""saturated_fat"": ""3.5g"", ""trans_fat"": ""0g"", ""cholesterol"": ""15mg"", ""sodium"": ""60mg"", ""total_carbohydrate"": ""1g"", ""dietary_fiber"": ""0g"", ""total_sugars"": ""0g"", ""added_sugars"": ""0g"", ""protein"": ""6g"", ""vitamin_d"": ""0mcg"", ""calcium"": ""195mg"", ""iron"": ""0mg"", ""potassium"": ""14mg""}",withheld_for_review,Whole Foods Market,healthy,sliced-cheeses,7 oz (199g),openfoodfacts,https://world.openfoodfacts.org/product/827048022203,yes
859539007093,00859539007093,UPC-A,Cacao Essentials,Remedy Organics,"[""Organic almond milk (water, organic almonds)"", ""organic pea protein"", ""organic Coconut sugar"", ""organic cacao powder"", ""organic dates"", ""organic hemp seeds"", ""organic natural flavor"", ""organic gum acacia"", ""gellan gum"", ""organic cinnamon"", ""organic sunflower lecithin"", ""organic maca"", ""vitamin blend (calcium derived from seaweed, vitamin D)"", ""guar gum"", ""organic stevia extract"", ""organic ashwagandha extract ksm-66Ⓡ"", ""sea salt"", ""organic prebiotic powder (derived from tapioca). Contains almonds and coconut""]","{""serving_size"": ""1 portion (12 fl oz)"", ""calories"": ""210"", ""total_fat"": ""8g"", ""saturated_fat"": ""1g"", ""sodium"": ""180mg"", ""total_carbohydrate"": ""17g"", ""dietary_fiber"": ""4g"", ""total_sugars"": ""9g"", ""added_sugars"": ""7g"", ""protein"": ""16g"", ""vitamin_d"": ""7mcg"", ""calcium"": ""183mg"", ""iron"": ""5mg"", ""potassium"": ""497mg""}",withheld_for_review,Sprouts Farmers Market,healthy,protein-shakes,32 FL OZ,openfoodfacts,https://world.openfoodfacts.org/product/859539007093,yes
040600345002,00040600345002,UPC-A,I can't Believe it's not Butter! Original,Nutrilich,"[""purified water"", ""soybean oil"", ""palm kernel and palm oil"", ""salt"", ""lecithin (soy)"", ""natural flavors"", ""vinegar"", ""vitamin a palmitate"", ""beta carotene (color)""]","{""serving_size"": ""1 tbsp (14 g)"", ""calories"": ""60"", ""total_fat"": ""6.01g"", ""saturated_fat"": ""0.28g"", ""sodium"": ""5.04mg"", ""total_carbohydrate"": ""0g"", ""added_sugars"": ""0g"", ""protein"": ""0g"", ""iron"": ""0mg""}",withheld_for_review,Walmart,better-for-you,butters,500 G,openfoodfacts,https://world.openfoodfacts.org/product/040600345002,yes
00014885,00000000014885,UPC-E,Crunchy Peanut Butter from unblanched peanuts Salted Stir,Trader Joe's,"[""DRY ROASTED PEANUTS"", ""SALT""]","{""serving_size"": ""2 tbsp. (32 g)"", ""calories"": ""190"", ""total_fat"": ""16g"", ""saturated_fat"": ""2.5g"", ""trans_fat"": ""0g"", ""cholesterol"": ""0mg"", ""sodium"": ""140mg"", ""total_carbohydrate"": ""7g"", ""dietary_fiber"": ""3g"", ""total_sugars"": ""2g"", ""added_sugars"": ""0g"", ""protein"": ""8g"", ""vitamin_d"": ""0mcg"", ""calcium"": ""0mg""}",withheld_for_review,Trader Joe's,healthy,nut-butters,1 lb,openfoodfacts,https://world.openfoodfacts.org/product/00014885,yes
858176002805,00858176002805,UPC-A,Fruit Punch Sports Drink,BodyArmor,"[""filtered water"", ""pure cane sugar"", ""coconut water concentrate"", ""citric acid"", ""dipotassium phosphate"", ""vegetable juice concentrate"", ""ascorbic acid"", ""magnesium oxide"", ""niacinamide"", ""calcium d-pantothenate"", ""natural fruit punch flavor with other natural flavors"", ""alpha-tocopheryl acetate"", ""zinc oxide"", ""pyridoxine hydrochloride"", ""folic acid"", ""vitamin a palmitate"", ""cyanocobalamin""]","{""serving_size"": ""1 bottle (355 ml)"", ""calories"": ""80"", ""total_fat"": ""0g"", ""sodium"": ""20mg"", ""total_carbohydrate"": ""19g"", ""total_sugars"": ""19g"", ""added_sugars"": ""17g"", ""protein"": ""0g"", ""potassium"": ""510mg""}",withheld_for_review,Target,better-for-you,Sports drink,,openfoodfacts,https://world.openfoodfacts.org/product/858176002805,yes
4099100042955,04099100042955,EAN-13,12 Grain Bread,L'Oven Fresh,"[""WHOLE WHEAT FLOUR"", ""WATER"", ""SUGAR"", ""WHEAT GLUTEN"", ""FLAX SEEDS"", ""RYE Facts MEAL"", ""CONTAINS 2% OR LESS OF EACH OF THE FOLLOWING: ROLLED OATMEAL"", ""YEAST"", ""RAISIN JUICE CONCENTRATE"", ""SOYBEAN OIL"", ""BROWN SUGAR"", ""SALT"", ""BARLEY FLAKES"", ""TRITICALE tainer FLOUR"", ""SUNFLOWER SEEDS"", ""CULTURED WHEAT FLOUR"", ""DOUGH CONDITIONERS (CONTAINS 43g"", ""1.5oz) ONE OR MORE OF THE FOLLOWING: SODIUM STEAROYL LACTYLATE"", ""CALCIUM STEAROYL LACTYLATE"", ""MONOGLYCERIDES"", ""MONO-AND DIGLYCERIDES"", ""DISTILLED MONOGLYCERIDES"", ""CALCIUM PEROXIDE"", ""CALCIUM IODATE"", ""DATEM"", ""ETHOXYLATED MONO - AND DIGLYCERIDES"", ""ENZYMES"", ""ASCORBIC ACID)"", ""HULLED MILLET"", ""KHORASAN WHEAT FLOUR"", ""WHOLE MILLED YELLOW CORN"", ""WHOLE RYE FLOUR"", ""BROWN RICE FLOUR"", ""BUCKWHEAT FLOUR"", ""TOASTED AMARANTH FLOUR"", ""WHOLE SPELT FLOUR (WHEAT)"", ""CALCIUM SULFATE"", ""CANOLA OIL"", ""SOY Daily Value* LECITHIN. TOPPED WITH HULLED MILLET"", ""FLAX SEED"", ""SUNFLOWER SEEDS AND ROLLED OATS. 3% CONTAINS: WHEAT"", ""SOY. 100 at 1g Fat 0g 0% MAY CONTAIN SESAME""]","{""serving_size"": ""1 slice (43 g)"", ""calories"": ""100"", ""total_fat"": ""2g"", ""saturated_fat"": ""0g"", ""trans_fat"": ""0g"", ""cholesterol"": ""0mg"", ""sodium"": ""150mg"", ""total_carbohydrate"": ""19g"", ""dietary_fiber"": ""3g"", ""total_sugars"": ""3g"", ""added_sugars"": ""3g"", ""protein"": ""5g"", ""vitamin_d"": ""0mcg"", ""calcium"": ""50mg"", ""iron"": ""1.2mg"", ""potassium"": ""110mg""}",withheld_for_review,Aldi,healthy,breads,,openfoodfacts,https://world.openfoodfacts.org/product/4099100042955,yes
818290012289,00818290012289,UPC-A,Almond Coco Loco,Chobani flip,"[""lowfat yogurt (cultured pasteurized nonfat milk, cream)"", ""evaporated cane sugar"", ""water"", ""almonds"", ""chocolate liquor"", ""cane sugar"", ""coconut"", ""honey"", ""cocoa powder"", ""cocoa butter"", ""fruit pectin"", ""natural flavors"", ""sea salt"", ""guar gum"", ""locust bean gum"", ""lemon juice concentrate"", ""vanilla bean powder""]","{""serving_size"": ""128g"", ""calories"": ""174"", ""total_fat"": ""8g"", ""saturated_fat"": ""4g"", ""trans_fat"": ""0g"", ""cholesterol"": ""10mg"", ""sodium"": ""80mg"", ""total_carbohydrate"": ""21g"", ""dietary_fiber"": ""2g"", ""total_sugars"": ""18g"", ""added_sugars"": ""14g"", ""protein"": ""10g"", ""iron"": ""1mg""}",withheld_for_review,Kroger,better-for-you,greek-style-yogurts,1,openfoodfacts,https://world.openfoodfacts.org/product/818290012289,yes
096619422487,00096619422487,UPC-A,Organic Creamy Almond Butter,Kirkland Signature,"[""organic roasted almonds""]","{""serving_size"": ""2 tbsp (32 g)"", ""calories"": ""210"", ""total_fat"": ""17g"", ""saturated_fat"": ""1.5g"", ""trans_fat"": ""0g"", ""cholesterol"": ""0mg"", ""sodium"": ""0mg"", ""total_carbohydrate"": ""7g"", ""dietary_fiber"": ""2g"", ""total_sugars"": ""1g"", ""added_sugars"": ""0g"", ""protein"": ""6g"", ""vitamin_d"": ""0mcg"", ""calcium"": ""83mg"", ""iron"": ""3.13mg"", ""potassium"": ""169mg""}",withheld_for_review,Costco,healthy,fr:Aliment,765 g,openfoodfacts,https://world.openfoodfacts.org/product/096619422487,yes
00479448,00000000479448,short-code-unverified,Thai Shrimp Gyoza,Trader Joe's,"[""FILLING (Shrimp, White Cabbage, Chives, Green Onion, Onion, Ginger, Garlic, Soybean Oil, Sesame Oil, Wheat Flour, Wheat Starch, Sugar, Salt, Pepper, Vegetable Powder (Onion, Cabbage, Carrot, Spring Onion, Maltodextrin [corn], Salt), DOUGH (Unbleached Wheat Flour, Tapioca Starch, Water, Palm Oil)""]","{""serving_size"": ""3 pleces (85 g)"", ""calories"": ""160"", ""total_fat"": ""4.5g"", ""saturated_fat"": ""1.5g"", ""trans_fat"": ""0g"", ""cholesterol"": ""25mg"", ""sodium"": ""230mg"", ""total_carbohydrate"": ""24g"", ""dietary_fiber"": ""1g"", ""total_sugars"": ""1g"", ""added_sugars"": ""1g"", ""protein"": ""6g"", ""vitamin_d"": ""0.6mcg"", ""calcium"": ""20mg"", ""iron"": ""0.3mg"", ""potassium"": ""50mg""}",withheld_for_review,Wegmans,healthy,cooked-steamed-shrimp-dumplings,16 oz,openfoodfacts,https://world.openfoodfacts.org/product/00479448,yes
073472001196,00073472001196,UPC-A,English Muffins,Ezekiel 4:9,"[""organic sprouted wheat"", ""filtered water"", ""organic sprouted barley"", ""organic sprouted millet"", ""organic malted barley"", ""organic sprouted lentils"", ""organic sprouted soybeans"", ""organic sprouted spelt"", ""fresh yeast"", ""organic wheat gluten"", ""sea salt""]","{""serving_size"": ""0.5 muffin (38 g)"", ""calories"": ""90"", ""total_fat"": ""0.5g"", ""saturated_fat"": ""0g"", ""trans_fat"": ""0g"", ""cholesterol"": ""0mg"", ""sodium"": ""80mg"", ""total_carbohydrate"": ""17g"", ""dietary_fiber"": ""3g"", ""total_sugars"": ""0g"", ""added_sugars"": ""0g"", ""protein"": ""6g"", ""vitamin_d"": ""0mcg"", ""calcium"": ""12mg"", ""iron"": ""1mg"", ""potassium"": ""86mg""}",withheld_for_review,Sam's Club,healthy,Grain products,454 g,openfoodfacts,https://world.openfoodfacts.org/product/073472001196,yes
719283660428,00719283660428,UPC-A,tomato ketchup,True Goodness Organic,"[""Organic tomato concentrate (water, organic tomato paste)"", ""organic sugar"", ""organic distilled vinegar"", ""salt"", ""less than 2% of: organic onion powder"", ""organic spices""]","{""serving_size"": ""1 Tbsp (17 g)"", ""calories"": ""15"", ""total_fat"": ""0g"", ""saturated_fat"": ""0g"", ""trans_fat"": ""0g"", ""cholesterol"": ""0mg"", ""sodium"": ""160mg"", ""total_carbohydrate"": ""4g"", ""dietary_fiber"": ""0g"", ""total_sugars"": ""3g"", ""added_sugars"": ""0g"", ""protein"": ""0g"", ""calcium"": ""0mg"", ""iron"": ""0mg""}",withheld_for_review,Meijer,better-for-you,Groceries,20 oz,openfoodfacts,https://world.openfoodfacts.org/product/719283660428,yes
074333474302,00074333474302,UPC-A,Puffed Corn Cereal,Arrowhead Mills,"[""puffed whole corn""]","{""serving_size"": ""0.75 cup (14 g)"", ""calories"": ""50"", ""total_fat"": ""0.5g"", ""saturated_fat"": ""0g"", ""trans_fat"": ""0g"", ""cholesterol"": ""0mg"", ""sodium"": ""0mg"", ""total_carbohydrate"": ""11g"", ""dietary_fiber"": ""1g"", ""total_sugars"": ""0g"", ""added_sugars"": ""0g"", ""protein"": ""2g"", ""vitamin_d"": ""0mcg"", ""calcium"": ""0mg"", ""iron"": ""0mg"", ""potassium"": ""0mg""}",withheld_for_review,Whole Foods Market,healthy,puffed-cereals,6 oz,openfoodfacts,https://world.openfoodfacts.org/product/074333474302,yes
00176279,00000000176279,UPC-E,Pea isolate 80% protein powder,Sprouts,"[""Yellow peas 100%""]","{""serving_size"": ""0.333 cup (30 g)"", ""calories"": ""110"", ""total_fat"": ""1.5g"", ""saturated_fat"": ""0g"", ""trans_fat"": ""0g"", ""cholesterol"": ""0mg"", ""sodium"": ""400mg"", ""total_carbohydrate"": ""1g"", ""dietary_fiber"": ""0g"", ""total_sugars"": ""0g"", ""added_sugars"": ""0g"", ""protein"": ""24g""}",withheld_for_review,Sprouts Farmers Market,healthy,protein-powders,,openfoodfacts,https://world.openfoodfacts.org/product/00176279,yes
194346193882,00194346193882,UPC-A,Original Almondmilk,bettergoods,"[""almondmilk (filtered water, almonds)"", ""less than 2% of: calcium carbonate"", ""natural flavor"", ""sea salt"", ""dipotassium phosphate"", ""gellan gum"", ""sunflower lecithin"", ""xantham gum"", ""vitamin a palmitate"", ""vitamin d"", ""d-alpha-tocopherol (vitamin e)""]","{""serving_size"": ""1 portion (240 ml)"", ""calories"": ""30"", ""total_fat"": ""2.5g"", ""saturated_fat"": ""0g"", ""trans_fat"": ""0g"", ""cholesterol"": ""0mg"", ""sodium"": ""160mg"", ""total_carbohydrate"": ""1g"", ""dietary_fiber"": ""1g"", ""total_sugars"": ""0g"", ""added_sugars"": ""0g"", ""protein"": ""1g"", ""vitamin_d"": ""5mcg"", ""calcium"": ""390mg"", ""iron"": ""0.4mg"", ""potassium"": ""35mg""}",withheld_for_review,Walmart,better-for-you,almond-based-drinks,,openfoodfacts,https://world.openfoodfacts.org/product/194346193882,yes
00534413,00000000534413,short-code-unverified,Organic Creamy Peanut Butter,Trader Joe's,"[""organic valencia peanuts"", ""sea salt""]","{""serving_size"": ""32g"", ""calories"": ""180"", ""total_fat"": ""15g"", ""saturated_fat"": ""2.5g"", ""trans_fat"": ""0g"", ""cholesterol"": ""0mg"", ""sodium"": ""65mg"", ""total_carbohydrate"": ""7g"", ""dietary_fiber"": ""3g"", ""total_sugars"": ""1g"", ""added_sugars"": ""0g"", ""protein"": ""8g"", ""iron"": ""0mg""}",withheld_for_review,Trader Joe's,healthy,nut-butters,16 oz,openfoodfacts,https://world.openfoodfacts.org/product/00534413,yes
051500825631,00051500825631,UPC-A,Peanut Butter & Strawberry Jam Sandwich,Smuckers Uncrustables,"[""BREAD: ENRICHED UNBLEACHED FLOUR (WHEAT FLOUR, MALTED BARLEY FLOUR, NIACIN, FERROUS SULFATE, THIAMIN MONONITRATE, RIBOFLAVIN, FOLIC ACID)"", ""WATER"", ""UNBLEACHED WHOLE WHEAT FLOUR"", ""SUGAR"", ""YEAST"", ""SOYBEAN OIL"", ""CONTAINS 2% OR LESS OF: SALT"", ""DOUGH CONDITIONER (ENZYMES, ASCORBIC ACID, CALCIUM PEROXIDE). PEANUT BUTTER: PEANUTS"", ""SUGAR"", ""CONTAINS 2% OR LESS OF: MOLASSES"", ""FULLY HYDROGENATED VEGETABLE OILS (RAPESEED AND SOYBEAN)"", ""MONO AND DIGLYCERIDES"", ""SALT. STRAWBERRY JAM: SUGAR"", ""STRAWBERRIES"", ""CONTAINS 2% OR LESS OF: PECTIN"", ""CITRIC ACID"", ""POTASSIUM SORBATE (PRESERVATIVE). CONTAINS PEANUT AND WHEAT INGREDIENTS. MAY CONTAIN HAZELNUT AND MILK INGREDIENTS""]","{""serving_size"": ""1 serving (58 g)"", ""calories"": ""210"", ""total_fat"": ""9g"", ""saturated_fat"": ""2g"", ""sodium"": ""220mg"", ""total_carbohydrate"": ""28g"", ""dietary_fiber"": ""2g"", ""total_sugars"": ""10g"", ""added_sugars"": ""9g"", ""protein"": ""6g"", ""calcium"": ""29mg"", ""iron"": ""1.1mg"", ""potassium"": ""234mg""}",withheld_for_review,Target,better-for-you,meals,4 x 2oz,openfoodfacts,https://world.openfoodfacts.org/product/051500825631,no
4099100063851,04099100063851,EAN-13,Woven Whole Wheat Crackers,Aldi,"[""whole grain wheat"", ""high oleic canola oil"", ""soybean oil"", ""tbhq (to preserve freshness)"", ""sea salt""]","{""serving_size"": ""28 g"", ""calories"": ""120"", ""total_fat"": ""4g"", ""saturated_fat"": ""0.5g"", ""trans_fat"": ""0g"", ""cholesterol"": ""0mg"", ""sodium"": ""160mg"", ""total_carbohydrate"": ""20g"", ""dietary_fiber"": ""3g"", ""total_sugars"": ""0g"", ""added_sugars"": ""0g"", ""protein"": ""2g"", ""vitamin_d"": ""0mcg"", ""calcium"": ""0mg"", ""iron"": ""2.5mg"", ""potassium"": ""0mg""}",withheld_for_review,Aldi,healthy,crackers-appetizers,9 oz (255g),openfoodfacts,https://world.openfoodfacts.org/product/4099100063851,yes
855611008361,00855611008361,UPC-A,Popcorn White Cheddar Flavor,LesserEvil,"[""ORGANIC NON-GMO POPCORN"", ""ORGANIC COCONUT OIL"", ""ORGANIC TAPIOCA SOLIDS"", ""ORGANIC RICE FLOUR"", ""HIMALAYAN CRYSTAL SALT"", ""ORGANIC FLAVOR"", ""YEAST EXTRACT"", ""LACTIC ACID"", ""ORGANIC BUTTER-TYPE FLAVOR""]","{""serving_size"": ""3 cups (28 g)"", ""calories"": ""120"", ""total_fat"": ""6g"", ""saturated_fat"": ""5g"", ""sodium"": ""230mg"", ""total_carbohydrate"": ""15g"", ""dietary_fiber"": ""4g"", ""total_sugars"": ""1g"", ""added_sugars"": ""0g"", ""protein"": ""2g"", ""calcium"": ""5mg"", ""iron"": ""1mg"", ""potassium"": ""63mg""}",withheld_for_review,Kroger,better-for-you,popcorn,4.6oz (130g),openfoodfacts,https://world.openfoodfacts.org/product/855611008361,yes
6191509905058,06191509905058,EAN-13,First Cold Pressed Extra Virgin Olive Oil,Terra Delyssa,"[""( First Cold Press ) Organic Extra Virgin Olive Oil""]","{""serving_size"": ""1 portion (15 ml)"", ""calories"": ""120"", ""total_fat"": ""13.5g"", ""saturated_fat"": ""2.55g"", ""trans_fat"": ""0g"", ""cholesterol"": ""0mg"", ""sodium"": ""0mg"", ""total_carbohydrate"": ""0g"", ""dietary_fiber"": ""0g"", ""total_sugars"": ""0g"", ""added_sugars"": ""0g"", ""protein"": ""0g"", ""vitamin_d"": ""0mcg"", ""calcium"": ""0mg"", ""iron"": ""0mg"", ""potassium"": ""0mg""}",withheld_for_review,Costco,healthy,olive-oils-from-tunisia,1 L,openfoodfacts,https://world.openfoodfacts.org/product/6191509905058,yes
077890554746,00077890554746,UPC-A,Tortilla Chips,Wegmans Organic,"[""Organic White Corn"", ""Organic Sunflower Oil"", ""Trace of Lime"", ""Sea Salt""]","{""serving_size"": ""1 portion (28 g)"", ""calories"": ""130"", ""total_fat"": ""6g"", ""saturated_fat"": ""0.5g"", ""trans_fat"": ""0g"", ""cholesterol"": ""0mg"", ""sodium"": ""160mg"", ""total_carbohydrate"": ""17g"", ""dietary_fiber"": ""2g"", ""total_sugars"": ""0g"", ""added_sugars"": ""0g"", ""protein"": ""2g"", ""vitamin_d"": ""0mcg"", ""calcium"": ""20mg"", ""iron"": ""1.07mg"", ""potassium"": ""60mg""}",withheld_for_review,Wegmans,healthy,corn-chips,16 oz,openfoodfacts,https://world.openfoodfacts.org/product/077890554746,yes
041800227006,00041800227006,UPC-A,100% GRAPE JUICE WHITE GRAPE,Welch's,"[""White grape juice from concentrate (filtered water, white grape juice concentrate)"", ""white grape juice"", ""ascorbic acid (vitamin c)"", ""potassium metabisulfite (preservative)"", ""citric acid (for tartness)""]","{""serving_size"": ""226.796 g"", ""calories"": ""140"", ""total_fat"": ""0g"", ""sodium"": ""15mg"", ""total_carbohydrate"": ""35g"", ""total_sugars"": ""35g"", ""added_sugars"": ""0g"", ""protein"": ""1g"", ""calcium"": ""30mg"", ""potassium"": ""140mg""}",withheld_for_review,Sam's Club,healthy,grape-juices,1.89 L,openfoodfacts,https://world.openfoodfacts.org/product/041800227006,yes
856716008164,00856716008164,UPC-A,BLUEBERRY JAM,GOOD GOOD,"[""Blueberries (60%)"", ""Water"", ""Erythritol"", ""Stevia Extract"", ""Pectin"", ""Citric Acid"", ""Rowanberry Extract"", ""Lemon Powder"", ""Calcium Citrate""]","{""serving_size"": ""1 tbsp (20g)"", ""calories"": ""5"", ""total_fat"": ""0g"", ""saturated_fat"": ""0g"", ""trans_fat"": ""0g"", ""cholesterol"": ""0mg"", ""sodium"": ""0mg"", ""total_carbohydrate"": ""1g"", ""dietary_fiber"": ""0g"", ""total_sugars"": ""1g"", ""added_sugars"": ""0g"", ""protein"": ""0g""}",withheld_for_review,Meijer,better-for-you,berry-jams,12oz,openfoodfacts,https://world.openfoodfacts.org/product/856716008164,yes
089125180231,00089125180231,UPC-A,Washed & Rinsed Organic Quinoa: Harmony Quinoa Gluten Free,Ancient Harvest,"[""Organic Quinoa"", ""Harmony Quinoa""]","{""serving_size"": ""0.25 cup dry (45 g)"", ""calories"": ""169"", ""total_fat"": ""2.81g"", ""saturated_fat"": ""0g"", ""trans_fat"": ""0g"", ""cholesterol"": ""0mg"", ""sodium"": ""0mg"", ""total_carbohydrate"": ""30.9g"", ""dietary_fiber"": ""2.79g"", ""total_sugars"": ""2.81g"", ""added_sugars"": ""0g"", ""protein"": ""5.62g"", ""vitamin_d"": ""0mcg"", ""calcium"": ""18.9mg"", ""iron"": ""1.69mg"", ""potassium"": ""250mg""}",withheld_for_review,Whole Foods Market,healthy,seeds,23 oz,openfoodfacts,https://world.openfoodfacts.org/product/089125180231,no
898916002573,00898916002573,UPC-A,Walnut Butter - Organic Raw,The Nutty Gourmet,"[""Organic Walnuts. CONTAINS: Tree Nuts""]","{""serving_size"": ""2 Tbsp (32g)"", ""calories"": ""210"", ""total_fat"": ""19g"", ""saturated_fat"": ""1.5g"", ""trans_fat"": ""0g"", ""sodium"": ""0mg"", ""total_carbohydrate"": ""4.99g"", ""dietary_fiber"": ""2.02g"", ""total_sugars"": ""0.99g"", ""added_sugars"": ""0g"", ""protein"": ""4.99g"", ""calcium"": ""33.9mg"", ""iron"": ""0.99mg"", ""potassium"": ""149mg""}",withheld_for_review,Sprouts Farmers Market,healthy,walnut-butters,10 oz,openfoodfacts,https://world.openfoodfacts.org/product/898916002573,yes
037600223188,00037600223188,UPC-A,Hormel Chili with Beans,Hormel,"[""WATER"", ""BEEF AND PORK"", ""BEANS"", ""CONCENTRATED CRUSHED TOMATOES"", ""CONTAINS 2% OR LESS OF CORN FLOUR. TEXTURED SOY FLOUR"", ""SALT"", ""CHILI POWDER (CHILI PEPPERS, FLAVORING)"", ""FLAVORING"", ""SUGAR"", ""CORNSTARCH"", ""SPICES"", ""GREEN CHILES (CONTAINS CITRIC ACID)"", ""ONIONS"", ""JALAPENO PEPPERS (CONTAINS VINEGAR, SALT)""]","{""serving_size"": ""247 g"", ""calories"": ""270"", ""total_fat"": ""9g"", ""saturated_fat"": ""3.5g"", ""trans_fat"": ""0g"", ""cholesterol"": ""25mg"", ""sodium"": ""990mg"", ""total_carbohydrate"": ""31g"", ""dietary_fiber"": ""7g"", ""total_sugars"": ""5g"", ""added_sugars"": ""0.11g"", ""protein"": ""15g"", ""calcium"": ""0mg"", ""iron"": ""0mg""}",withheld_for_review,Walmart,better-for-you,Undefined,425 g,openfoodfacts,https://world.openfoodfacts.org/product/037600223188,yes
00502627,00000000502627,short-code-unverified,Organic Black Beans,Trader Joe's,"[""ORGANIC BLACK BEANS"", ""WATER"", ""SEA SALT""]","{""serving_size"": ""0.5 cup (125 g)"", ""calories"": ""110"", ""total_fat"": ""0.5g"", ""saturated_fat"": ""0g"", ""trans_fat"": ""0g"", ""cholesterol"": ""0mg"", ""sodium"": ""140mg"", ""total_carbohydrate"": ""18g"", ""dietary_fiber"": ""6g"", ""total_sugars"": ""1g"", ""added_sugars"": ""0g"", ""protein"": ""6g"", ""vitamin_d"": ""0mcg"", ""calcium"": ""50mg"", ""iron"": ""1mg"", ""potassium"": ""370mg""}",withheld_for_review,Trader Joe's,healthy,black-beans,130 g,openfoodfacts,https://world.openfoodfacts.org/product/00502627,yes
073490123504,00073490123504,UPC-A,Tea biscuits,Kedem,"[""Wheat flour"", ""sugar"", ""vegetable shortening (contains one or more of the following oils: soybean, palm, canola, sunflower)"", ""corn starch"", ""baking powder (sodium bicarbonate & ammonium bicarbonate)"", ""lecithin (soy based)"", ""sodium metabisulfite"", ""salt"", ""artificial flavors"", ""sodium acid pyrophosphate"", ""natural antioxidant (rosemary oil)""]","{""serving_size"": ""6 biscuits (30 g)"", ""calories"": ""130"", ""total_fat"": ""3g"", ""saturated_fat"": ""1g"", ""sodium"": ""95mg"", ""total_carbohydrate"": ""23g"", ""dietary_fiber"": ""1g"", ""total_sugars"": ""6g"", ""added_sugars"": ""6g"", ""protein"": ""2g""}",withheld_for_review,Target,better-for-you,biscuits,119g,openfoodfacts,https://world.openfoodfacts.org/product/073490123504,yes
4099100066623,04099100066623,EAN-13,Pumpkin Seed & Flax Granola Cereal,Simply Nature,"[""ORGANIC OATS"", ""ORGANIC CANE SUGAR"", ""ORGANIC VEGETABLE OIL (ORGANIC SUNFLOWER OIL OR ORGANIC CANOLA OIL)"", ""ORGANIC BROWN RICE CRISPS"", ""ORGANIC PUMPKIN SEEDS"", ""ORGANIC RICE FLOUR"", ""ORGANIC TAPIOCA SYRUP"", ""ORGANIC BROWN RICE SYRUP"", ""ORGANIC FLAX SEEDS"", ""SALT"", ""ORGANIC SPICES. MAY CONTAIN TREE NUTS"", ""WHEAT"", ""SOY""]","{""serving_size"": ""0.5 cup (55 g)"", ""calories"": ""230"", ""total_fat"": ""9g"", ""saturated_fat"": ""1g"", ""trans_fat"": ""0g"", ""cholesterol"": ""0mg"", ""sodium"": ""50mg"", ""total_carbohydrate"": ""34g"", ""dietary_fiber"": ""3g"", ""total_sugars"": ""9g"", ""added_sugars"": ""8g"", ""protein"": ""5g"", ""vitamin_d"": ""0mcg"", ""calcium"": ""20mg"", ""iron"": ""1.9mg"", ""potassium"": ""40mg""}",withheld_for_review,Aldi,healthy,pumpkin-seeds,11.5 oz (325 g),openfoodfacts,https://world.openfoodfacts.org/product/4099100066623,yes
073472002568,00073472002568,UPC-A,SPROUTED CRUNCHY CEREAL EZEKIEL 4:9 GOLDEN FLAX,Food For Life,"[""Organic sprouted wheat"", ""organic malted barley"", ""organic golden flax seeds"", ""organic sprouted barley"", ""organic sprouted millet"", ""organic sprouted lentils"", ""organic sprouted soybeans"", ""organic sprouted spelt"", ""filtered water"", ""sea salt""]","{""serving_size"": ""0.5 cup (57 g)"", ""calories"": ""190"", ""total_fat"": ""3g"", ""saturated_fat"": ""0g"", ""trans_fat"": ""0g"", ""cholesterol"": ""0mg"", ""sodium"": ""160mg"", ""total_carbohydrate"": ""35g"", ""dietary_fiber"": ""7g"", ""total_sugars"": ""1g"", ""added_sugars"": ""1g"", ""protein"": ""8g"", ""vitamin_d"": ""0mcg"", ""calcium"": ""26mg"", ""iron"": ""3.6mg"", ""potassium"": ""172mg""}",withheld_for_review,Kroger,healthy,breakfast-cereals,(454g),openfoodfacts,https://world.openfoodfacts.org/product/073472002568,yes
096619222490,00096619222490,UPC-A,Super Extra Large Peanuts,Kirkland Signature,"[""_PEANUTS_"", ""PEANUT OIL"", ""SALT""]","{""serving_size"": ""1 serving (30 g)"", ""calories"": ""170"", ""total_fat"": ""14.7g"", ""saturated_fat"": ""1.8g"", ""sodium"": ""119mg"", ""total_carbohydrate"": ""6g"", ""dietary_fiber"": ""2.7g"", ""total_sugars"": ""1.5g"", ""added_sugars"": ""0g"", ""protein"": ""7.5g"", ""iron"": ""0.8mg""}",withheld_for_review,Costco,healthy,roasted-peanuts,1.13 kg,openfoodfacts,https://world.openfoodfacts.org/product/096619222490,yes
077890256053,00077890256053,UPC-A,GREEK NONFAT YOGURT PLAIN,Wegmans,"[""Cultured Pa eurized Grade A Nonfat on Facts Milk. Contains the following live and active cultures: per container 3"", ""4 cup (170g) 100 % Daily Value* Sugars 0% 0% 3% 2% 2% L. Bulgaricus"", ""S. Thermophilus"", ""L. Acidophilus"", ""Bifidus"", ""L. Casei. 0% 0% 36% A ALLERGENS: Contains Milk""]","{""serving_size"": ""1 serving (170 g)"", ""calories"": ""100"", ""total_fat"": ""0g"", ""saturated_fat"": ""0g"", ""trans_fat"": ""0g"", ""cholesterol"": ""10mg"", ""sodium"": ""55mg"", ""total_carbohydrate"": ""6g"", ""dietary_fiber"": ""0g"", ""total_sugars"": ""6g"", ""added_sugars"": ""0g"", ""protein"": ""18g"", ""vitamin_d"": ""0mcg"", ""calcium"": ""180mg"", ""iron"": ""0mg"", ""potassium"": ""210mg""}",withheld_for_review,Wegmans,healthy,greek-style-yogurts,,openfoodfacts,https://world.openfoodfacts.org/product/077890256053,no
078742015668,00078742015668,UPC-A,Italian Style Finely Shredded Cheese,Great Value,"[""Low-moisture part-skim mozzarella and romano cheese made from cow's milk (pasteurized part-skim milk, cheese culture, salt, enzymes)"", ""provolone"", ""parmesan fontina and asiago cheese (pasteurized milk, cheese culture, salt, enzymes, added smoke flavoring [ in provolone cheese])"", ""potato starch and powdered cellulose added to prevent caking"", ""natamycin (a natural mold ihibitor)""]","{""serving_size"": ""0.33 cup (28 g)"", ""calories"": ""90"", ""total_fat"": ""6g"", ""saturated_fat"": ""3.5g"", ""trans_fat"": ""0g"", ""cholesterol"": ""20mg"", ""sodium"": ""210mg"", ""total_carbohydrate"": ""2g"", ""dietary_fiber"": ""0g"", ""total_sugars"": ""0g"", ""added_sugars"": ""0g"", ""protein"": ""7g"", ""vitamin_d"": ""0.1mcg"", ""calcium"": ""200mg"", ""iron"": ""0.1mg"", ""potassium"": ""30mg""}",withheld_for_review,Sam's Club,healthy,Groceries,227 g,openfoodfacts,https://world.openfoodfacts.org/product/078742015668,yes
041790214260,00041790214260,UPC-A,Bertolli rich extra virgin olive oil,Bertolli,"[""extra virgin olive oil""]","{""serving_size"": ""1 portion (15 ml)"", ""calories"": ""120"", ""total_fat"": ""14g"", ""saturated_fat"": ""2g"", ""trans_fat"": ""0g"", ""sodium"": ""0mg"", ""total_carbohydrate"": ""0g"", ""dietary_fiber"": ""0g"", ""total_sugars"": ""0g"", ""added_sugars"": ""0g"", ""protein"": ""0g""}",withheld_for_review,Meijer,healthy,extra-virgin-olive-oils,25.36 FL oz,openfoodfacts,https://world.openfoodfacts.org/product/041790214260,yes
036200219317,00036200219317,UPC-A,TOMATO & BASIL,Bertolli,"[""diced tomatoes [tomatoes, juice, calcium chloride (firming aid), citric acid]"", ""tomato puree (water, tomato paste)"", ""basil"", ""sugar"", ""extra virgin olive oil"", ""onions"", ""salt"", ""garlic"", ""spices"", ""citric acid"", ""natural flavor"", ""soy lecithin""]","{""serving_size"": ""0.5 cup (125 g)"", ""calories"": ""70"", ""total_fat"": ""2g"", ""saturated_fat"": ""0g"", ""trans_fat"": ""0g"", ""cholesterol"": ""0mg"", ""sodium"": ""350mg"", ""total_carbohydrate"": ""12g"", ""dietary_fiber"": ""3g"", ""total_sugars"": ""8g"", ""added_sugars"": ""2g"", ""protein"": ""2g"", ""calcium"": ""50mg"", ""iron"": ""0.7mg"", ""potassium"": ""0.7mg""}",withheld_for_review,Walmart,better-for-you,Groceries,680 g,openfoodfacts,https://world.openfoodfacts.org/product/036200219317,yes
00945837,00000000945837,short-code-unverified,Organic Blue corn tortilla chips,Trader Joe's,"[""Organic stone ground blue corn with a trace of lime"", ""organic vegetable oil (canola and"", ""or sunflower and"", ""or safflower oil)"", ""sea salt""]","{""serving_size"": ""14 chips (28 g)"", ""calories"": ""150"", ""total_fat"": ""8g"", ""saturated_fat"": ""0.5g"", ""trans_fat"": ""0g"", ""cholesterol"": ""0mg"", ""sodium"": ""110mg"", ""total_carbohydrate"": ""16g"", ""dietary_fiber"": ""1g"", ""total_sugars"": ""0g"", ""added_sugars"": ""0g"", ""protein"": ""2g"", ""vitamin_d"": ""0mcg"", ""calcium"": ""30mg"", ""iron"": ""0.5mg"", ""potassium"": ""60mg""}",withheld_for_review,Trader Joe's,healthy,corn-chips,16 oz,openfoodfacts,https://world.openfoodfacts.org/product/00945837,yes
073420000110,00073420000110,UPC-A,Sour Cream,Daisy,"[""CULTURED CREAM""]","{""serving_size"": ""2 tbsp (30 g)"", ""calories"": ""60"", ""total_fat"": ""5g"", ""saturated_fat"": ""3.5g"", ""cholesterol"": ""20mg"", ""sodium"": ""15mg"", ""total_carbohydrate"": ""1g"", ""total_sugars"": ""1g"", ""added_sugars"": ""0g"", ""protein"": ""1g"", ""calcium"": ""30mg"", ""potassium"": ""40mg""}",withheld_for_review,Target,healthy,sour-creams,16 oz,openfoodfacts,https://world.openfoodfacts.org/product/073420000110,yes
4099100195767,04099100195767,EAN-13,Tomato & Basil Pasta Sauce,Simply Nature,"[""organic tomato puree (water organic tomato paste organic diced tomatoes in organic tomato juice, organic a basil, salt, organic dried onion, organic garilic powder, organic dried basil, organic dried garlic, organic dried oregano, 0%""]","{""serving_size"": ""0.5 cup (113 g)"", ""calories"": ""45"", ""total_fat"": ""0g"", ""sodium"": ""470mg"", ""total_carbohydrate"": ""8.99g"", ""dietary_fiber"": ""2g"", ""total_sugars"": ""5g"", ""added_sugars"": ""0g"", ""protein"": ""2g"", ""calcium"": ""40mg"", ""iron"": ""0.9mg"", ""potassium"": ""460mg""}",withheld_for_review,Aldi,healthy,tomato-sauces-with-basil,,openfoodfacts,https://world.openfoodfacts.org/product/4099100195767,yes
048000007070,00048000007070,UPC-A,Wild-Caught Sardines in Water,Chicken of the Sea,"[""SARDINES (SPRATTUS SPRATTUS, CLUPEA HARENGUS)"", ""WATER"", ""SALT""]","{""serving_size"": ""1 can drained (69 g)"", ""calories"": ""120"", ""total_fat"": ""8g"", ""saturated_fat"": ""2.5g"", ""trans_fat"": ""0g"", ""cholesterol"": ""80mg"", ""sodium"": ""270mg"", ""total_carbohydrate"": ""0g"", ""dietary_fiber"": ""0g"", ""total_sugars"": ""0g"", ""added_sugars"": ""0g"", ""protein"": ""11g"", ""vitamin_d"": ""8mcg"", ""calcium"": ""172mg"", ""iron"": ""0.7mg"", ""potassium"": ""128mg""}",withheld_for_review,Kroger,healthy,canned-sardines,3.75 oz (106 g),openfoodfacts,https://world.openfoodfacts.org/product/048000007070,yes
